Workbook

Sheet Sampling
A1: Experiment ID | B1: Reactor # (If Applicable) | C1: Date Started | D1: Date Sampled | E1: Duration (Days) | F1: Sample Description | G1: NMR | H1: GC | I1: ICP | J1: pH | K1: Conductivity | L1: XRD | M1: Modification
A2: HPHT_097 | C2: 46093 | D2: 46094 | E2: =D2-C2 -> 1 | F2: Liquid and Gas sample | G2: x | H2: x | I2: x | J2: x | K2: x
A3: HPHT_070 | C3: 46034 | D3: 46094 | E3: =D3-C3 -> 60 | F3: Final liquid + gas sample | G3: x | H3: x | I3: x | J3: x | K3: x | M3: x
A4: HPHT_089 | C4: 46094 | D4: 46094 | E4: =D4-C4 -> 0 | F4: Pre-rxn brine check | G4: x | I4: x | J4: x | K4: x
A5: NH4-Teflon | C5: 46094 | D5: 46094 | E5: =D5-C5 -> 0 | F5: NH4 adsorption to teflon | G5: x
A6: NH4-Teflon | C6: 46094 | D6: 46097 | E6: =D6-C6 -> 3 | F6: NH4 adsorption to teflon | G6: x
A7: HPHT_070_Desorption | C7: 46094 | D7: 46094 | E7: =D7-C7 -> 0 | F7: Initial desorption | G7: x
A8: HPHT_101 | C8: 46094 | D8: 46097 | E8: =D8-C8 -> 3 | F8: Reactor 8 background | G8: x | I8: x | J8: x | K8: x
A9: HPHT_102 | C9: 46094 | D9: 46097 | E9: =D9-C9 -> 3 | F9: Reactor 9 background | G9: x | I9: x | J9: x | K9: x
A10: HPHT_095_Desorption | C10: 46094 | D10: 46097 | E10: =D10-C10 -> 3 | F10: Desorption test | G10: x
A11: HPHT_097 | C11: 46093 | D11: 46097 | E11: =D11-C11 -> 4 | F11: CaI experiment day 3 | G11: x | I11: x | J11: x | K11: x
A12: Standard | C12: 46097 | D12: 46097 | E12: =D12-C12 -> 0 | F12: 150uL 1mM NH4Cl | G12: x
A13: HPHT_096 | C13: 46087 | D13: 46097 | E13: =D13-C13 -> 10 | F13: Liquid and gas sample | G13: x | H13: x | I13: x | J13: x | K13: x | L13: x | M13: x
A14: HPHT_079 | C14: 46058 | D14: 46097 | E14: =D14-C14 -> 39 | F14: CaO Gas sample | G14: x | H14: x | I14: x | J14: x | K14: x | L14: x | M14: x
A15: HPHT_097 | C15: 46093 | D15: 46099 | E15: =D15-C15 -> 6 | F15: CaI2 Gas, Liquid, Rock Sample | G15: x | H15: x | I15: x | J15: x | K15: x | L15: x | M15: x
A16: HPHT_087 | C16: 46074 | D16: 46080 | E16: =D16-C16 -> 6 | F16: 0.007mL/min at 220C for 2 days | I16: x
A17: HPHT_070 | C17: 46034 | D17: 46080 | E17: =D17-C17 -> 46 | F17: Final liquid + gas sample | I17: x
A18: HPHT_071-2 | C18: 46062 | D18: 46080 | E18: =D18-C18 -> 18 | F18: Acetate Buffer, contnued 18 days, liquid from gas port | I18: x
A19: HPHT_079 | C19: 46058 | D19: 46080 | E19: =D19-C19 -> 22 | F19: CaO Gas sample
A20: HPHT_071-2 | C20: 46063 | D20: 46083 | E20: =D20-C20 -> 20 | F20: 2 days at 20C, hydrogen generated, dip tube sample high peak | I20: x
A21: HPHT_087 | C21: 46075 | D21: 46083 | E21: =D21-C21 -> 8 | F21: 0.007mL/min at 300C for 2 days | I21: x
A22: HPHT_090 | C22: 46073 | D22: 46083 | E22: =D22-C22 -> 10 | F22: Tamarack continued | I22: x
A23: HPHT_093 | C23: 46081 | D23: 46083 | E23: =D23-C23 -> 2 | F23: Reactor 6 background | I23: x
A24: HPHT_070 | C24: 46034 | D24: 46086 | E24: =D24-C24 -> 52 | F24: Final liquid + gas sample | I24: x
A25: HPHT_071-2 | C25: 46064 | D25: 46086 | E25: =D25-C25 -> 22 | F25: 2 days at 20C, hydrogen generated, final sample | I25: x
A26: HPHT_079 | C26: 46058 | D26: 46086 | E26: =D26-C26 -> 28 | F26: CaO Gas sample | I26: x
A27: HPHT_087 | C27: 46086 | D27: 46086 | E27: =D27-C27 -> 0 | F27: Pre-rxn brine check | I27: x
A28: HPHT_087 | C28: 46076 | D28: 46086 | E28: =D28-C28 -> 10 | F28: 300C @ 4800 PSI | I28: x
A29: HPHT_090 | C29: 46074 | D29: 46086 | E29: =D29-C29 -> 12 | F29: Tamarack continued W:R 5:1 | I29: x
A30: HPHT_095 | C30: 46086 | D30: 46086 | E30: =D30-C30 -> 0 | F30: Pre-rxn brine check | I30: x
A31: HPHT_079 | C31: 46058 | D31: 46092 | E31: =D31-C31 -> 34 | F31: CaO Gas sample | I31: x
... A37: HPHT_095 | C37: 46088 | D37: 46092 | E37: =D37-C37 -> 4 | F37: Tamarack W:R 1:1, low fluid level | I37: x
A38: HPHT_103 | B38: 5 | C38: 46099 | D38: 46099 | E38: =D38-C38 -> 0 | F38: Pre-rxn brine check | G38: x | I38: x | J38: x | K38: x
A39: HPHT_104 | B39: 6 | C39: 46099 | D39: 46099 | E39: =D39-C39 -> 0 | F39: Pre-rxn brine check | G39: x | I39: x | J39: x | K39: x
A40: HPHT_096 | B40: 2 | C40: 46087 | D40: 46097 | E40: =D40-C40 -> 10 | F40: NMR tube 10 from 3/16/26 | G40: x
A41: NMR Standard | C41: 46099 | D41: 46099 | E41: =D41-C41 -> 0 | F41: NH4 Standard NMR | G41: x
A42: HPHT_070_Desorption | C42: 46094 | D42: 46099 | E42: =D42-C42 -> 5 | F42: Desorption test | G42: x
A43: HPHT_089 | B43: 1 | C43: 46097 | D43: 46100 | E43: =D43-C43 -> 3 | F43: Liquid and Gas sample | G43: x | H43: x | J43: x | K43: x | L43: x
A44: HPHT_096 | B44: 2 | C44: 46087 | D44: 46100 | E44: =D44-C44 -> 13 | F44: Liquid and Gas sample | G44: x | H44: x | J44: x | K44: x | M44: x
A45: HPHT_079 | B45: 3 | C45: 46058 | D45: 46100 | E45: =D45-C45 -> 42 | F45: Gas sample | H45: x
A46: HPHT_097 | B46: 4 | C46: 46093 | D46: 46101 | E46: =D46-C46 -> 8 | F46: Liquid sample | G46: x | J46: x | K46: x
A47: HPHT_105 | B47: 8 | C47: 46098 | D47: 46101 | E47: =D47-C47 -> 3 | F47: Liquid and Gas sample | G47: x | H47: x | I47: x | J47: x | K47: x
A48: 150uL NMR Standard | C48: 46101 | D48: 46101 | E48: =D48-C48 -> 0 | F48: 150uL 1mM NH4Cl | G48: x | M48: x
A49: HPHT_096 | B49: 2 | C49: 46087 | D49: 46104 | E49: =D49-C49 -> 17 | F49: Liquid and gas sample, +450mg Pd | G49: x | H49: x | I49: x | J49: x | K49: x | M49: x
A50: HPHT_089 | B50: 1 | C50: 46097 | D50: 46104 | E50: =D50-C50 -> 7 | F50: Liquid and gas sample, pH adjust | G50: x | H50: x | I50: x | J50: x | K50: x | M50: x
A51: HPHT_079 | B51: 3 | C51: 46058 | D51: 46104 | E51: =D51-C51 -> 46 | F51: Gas sample only | H51: x
A52: HPHT_097 | B52: 4 | C52: 46093 | D52: 46104 | E52: =D52-C52 -> 11 | F52: Liquid and gas sample, pH adjust | G52: x | H52: x | I52: x | J52: x | K52: x | M52: x
A53: HPHT_103 | B53: 5 | C53: 46101 | D53: 46104 | E53: =D53-C53 -> 3 | F53: Liquid sample only | G53: x | I53: x | J53: x | K53: x
A54: HPHT_104 | B54: 6 | C54: 46101 | D54: 46104 | E54: =D54-C54 -> 3 | F54: Liquid sample only | G54: x | I54: x | J54: x | K54: x
A55: HPHT_107 | B55: 7 | C55: 46101 | D55: 46104 | E55: =D55-C55 -> 3 | F55: Liquid and gas sample | G55: x | H55: x | I55: x | J55: x | K55: x
E56: =D56-C56 -> 0
E57: =D57-C57 -> 0
E58: =D58-C58 -> 0
E59: =D59-C59 -> 0
E60: =D60-C60 -> 0
E61: =D61-C61 -> 0
E62: =D62-C62 -> 0
E63: =D63-C63 -> 0
E64: =D64-C64 -> 0
E65: =D65-C65 -> 0
E66: =D66-C66 -> 0
E67: =D67-C67 -> 0
... E998: =D998-C998 -> 0

Sheet NMR Prep
A1: Date Sampled | B1: Experiment ID | C1: Duration (Days) | D1: Sample Description | E1: # | F1: d-DMSO (uL) | G1: 27 mM GdNO3 (uL) | H1: 1mM Maleic Acid (uL) | I1: 8M HCl (uL) | J1: DI (uL) | K1: Sample (uL) | L1: NH4Cl (uL) | M1: NH4Cl Stock Concentration (mM) | N1: Total (uL) | O1: Target (uL) | P1: Difference (uL) | Q1: Number Scans | R1: Spiked NH4 Conc (mM)
A2: =SampleList[[#This Row],[Date Sampled]] -> 46094 | B2: {=IF(ISBLANK(INDEX(SampleList[NMR],ROW()-1)),"Not Requested",INDEX(SampleList[Experiment ID],ROW()-1))} -> HPHT_097 | C2: =SampleList[[#This Row],[Duration (Days)]] -> 1 | D2: =SampleList[[#This Row],[Sample Description]] -> Liquid and Gas sample | F2: 100 | G2: 24 | H2: 50 | I2: 30 | J2: 375 | K2: 68 | N2: =SUM(NMRPrep[[#This Row],[d-DMSO (uL) ]:[ NH4Cl (uL)]]) -> 647 | O2: =647 -> 647 | P2: =NMRPrep[[#This Row],[Total (uL) ]]-NMRPrep[[#This Row],[Target (uL)]] -> 0 | R2: =(NMRPrep[[#This Row],[NH4Cl Stock Concentration (mM)]]*NMRPrep[[#This Row],[ NH4Cl (uL)]])/SUM(NMRPrep[[#This Row],[DI (uL) ]:[ NH4Cl (uL)]]) -> 0
A3: =SampleList[[#This Row],[Date Sampled]] -> 46094 | B3: {=IF(ISBLANK(INDEX(SampleList[NMR],ROW()-1)),"Not Requested",INDEX(SampleList[Experiment ID],ROW()-1))} -> HPHT_070 | C3: =SampleList[[#This Row],[Duration (Days)]] -> 60 | D3: =SampleList[[#This Row],[Sample Description]] -> Final liquid + gas sample | F3: 100 | G3: 24 | H3: 50 | I3: 30 | J3: 375 | K3: 68 | N3: =SUM(NMRPrep[[#This Row],[d-DMSO (uL) ]:[ NH4Cl (uL)]]) -> 647 | O3: =647 -> 647 | P3: =NMRPrep[[#This Row],[Total (uL) ]]-NMRPrep[[#This Row],[Target (uL)]] -> 0 | R3: =(NMRPrep[[#This Row],[NH4Cl Stock Concentration (mM)]]*NMRPrep[[#This Row],[ NH4Cl (uL)]])/SUM(NMRPrep[[#This Row],[DI (uL) ]:[ NH4Cl (uL)]]) -> 0
A4: =SampleList[[#This Row],[Date Sampled]] -> 46094 | B4: {=IF(ISBLANK(INDEX(SampleList[NMR],ROW()-1)),"Not Requested",INDEX(SampleList[Experiment ID],ROW()-1))} -> HPHT_089 | C4: =SampleList[[#This Row],[Duration (Days)]] -> 0 | D4: =SampleList[[#This Row],[Sample Description]] -> Pre-rxn brine check | F4: 100 | G4: 24 | H4: 50 | I4: 30 | J4: 375 | K4: 68 | N4: =SUM(NMRPrep[[#This Row],[d-DMSO (uL) ]:[ NH4Cl (uL)]]) -> 647 | O4: =647 -> 647 | P4: =NMRPrep[[#This Row],[Total (uL) ]]-NMRPrep[[#This Row],[Target (uL)]] -> 0 | R4: =(NMRPrep[[#This Row],[NH4Cl Stock Concentration (mM)]]*NMRPrep[[#This Row],[ NH4Cl (uL)]])/SUM(NMRPrep[[#This Row],[DI (uL) ]:[ NH4Cl (uL)]]) -> 0
A5: =SampleList[[#This Row],[Date Sampled]] -> 46094 | B5: {=IF(ISBLANK(INDEX(SampleList[NMR],ROW()-1)),"Not Requested",INDEX(SampleList[Experiment ID],ROW()-1))} -> NH4-Teflon | C5: =SampleList[[#This Row],[Duration (Days)]] -> 0 | D5: =SampleList[[#This Row],[Sample Description]] -> NH4 adsorption to teflon | F5: 100 | G5: 24 | H5: 50 | I5: 30 | J5: 375 | K5: 68 | N5: =SUM(NMRPrep[[#This Row],[d-DMSO (uL) ]:[ NH4Cl (uL)]]) -> 647 | O5: =647 -> 647 | P5: =NMRPrep[[#This Row],[Total (uL) ]]-NMRPrep[[#This Row],[Target (uL)]] -> 0 | R5: =(NMRPrep[[#This Row],[NH4Cl Stock Concentration (mM)]]*NMRPrep[[#This Row],[ NH4Cl (uL)]])/SUM(NMRPrep[[#This Row],[DI (uL) ]:[ NH4Cl (uL)]]) -> 0
A6: =SampleList[[#This Row],[Date Sampled]] -> 46097 | B6: {=IF(ISBLANK(INDEX(SampleList[NMR],ROW()-1)),"Not Requested",INDEX(SampleList[Experiment ID],ROW()-1))} -> NH4-Teflon | C6: =SampleList[[#This Row],[Duration (Days)]] -> 3 | D6: =SampleList[[#This Row],[Sample Description]] -> NH4 adsorption to teflon | F6: 100 | G6: 24 | H6: 50 | I6: 30 | J6: 375 | K6: 68 | N6: =SUM(NMRPrep[[#This Row],[d-DMSO (uL) ]:[ NH4Cl (uL)]]) -> 647 | O6: =647 -> 647 | P6: =NMRPrep[[#This Row],[Total (uL) ]]-NMRPrep[[#This Row],[Target (uL)]] -> 0 | R6: =(NMRPrep[[#This Row],[NH4Cl Stock Concentration (mM)]]*NMRPrep[[#This Row],[ NH4Cl (uL)]])/SUM(NMRPrep[[#This Row],[DI (uL) ]:[ NH4Cl (uL)]]) -> 0
A7: =SampleList[[#This Row],[Date Sampled]] -> 46094 | B7: {=IF(ISBLANK(INDEX(SampleList[NMR],ROW()-1)),"Not Requested",INDEX(SampleList[Experiment ID],ROW()-1))} -> HPHT_070_Desorption | C7: =SampleList[[#This Row],[Duration (Days)]] -> 0 | D7: =SampleList[[#This Row],[Sample Description]] -> Initial desorption | F7: 100 | G7: 24 | H7: 50 | I7: 30 | J7: 375 | K7: 68 | N7: =SUM(NMRPrep[[#This Row],[d-DMSO (uL) ]:[ NH4Cl (uL)]]) -> 647 | O7: =647 -> 647 | P7: =NMRPrep[[#This Row],[Total (uL) ]]-NMRPrep[[#This Row],[Target (uL)]] -> 0 | R7: =(NMRPrep[[#This Row],[NH4Cl Stock Concentration (mM)]]*NMRPrep[[#This Row],[ NH4Cl (uL)]])/SUM(NMRPrep[[#This Row],[DI (uL) ]:[ NH4Cl (uL)]]) -> 0
A8: =SampleList[[#This Row],[Date Sampled]] -> 46097 | B8: {=IF(ISBLANK(INDEX(SampleList[NMR],ROW()-1)),"Not Requested",INDEX(SampleList[Experiment ID],ROW()-1))} -> HPHT_101 | C8: =SampleList[[#This Row],[Duration (Days)]] -> 3 | D8: =SampleList[[#This Row],[Sample Description]] -> Reactor 8 background | F8: 100 | G8: 24 | H8: 50 | I8: 30 | J8: 375 | K8: 68 | N8: =SUM(NMRPrep[[#This Row],[d-DMSO (uL) ]:[ NH4Cl (uL)]]) -> 647 | O8: =647 -> 647 | P8: =NMRPrep[[#This Row],[Total (uL) ]]-NMRPrep[[#This Row],[Target (uL)]] -> 0 | R8: =(NMRPrep[[#This Row],[NH4Cl Stock Concentration (mM)]]*NMRPrep[[#This Row],[ NH4Cl (uL)]])/SUM(NMRPrep[[#This Row],[DI (uL) ]:[ NH4Cl (uL)]]) -> 0
A9: =SampleList[[#This Row],[Date Sampled]] -> 46097 | B9: {=IF(ISBLANK(INDEX(SampleList[NMR],ROW()-1)),"Not Requested",INDEX(SampleList[Experiment ID],ROW()-1))} -> HPHT_102 | C9: =SampleList[[#This Row],[Duration (Days)]] -> 3 | D9: =SampleList[[#This Row],[Sample Description]] -> Reactor 9 background | F9: 100 | G9: 24 | H9: 50 | I9: 30 | J9: 375 | K9: 68 | N9: =SUM(NMRPrep[[#This Row],[d-DMSO (uL) ]:[ NH4Cl (uL)]]) -> 647 | O9: =647 -> 647 | P9: =NMRPrep[[#This Row],[Total (uL) ]]-NMRPrep[[#This Row],[Target (uL)]] -> 0 | R9: =(NMRPrep[[#This Row],[NH4Cl Stock Concentration (mM)]]*NMRPrep[[#This Row],[ NH4Cl (uL)]])/SUM(NMRPrep[[#This Row],[DI (uL) ]:[ NH4Cl (uL)]]) -> 0
A10: =SampleList[[#This Row],[Date Sampled]] -> 46097 | B10: {=IF(ISBLANK(INDEX(SampleList[NMR],ROW()-1)),"Not Requested",INDEX(SampleList[Experiment ID],ROW()-1))} -> HPHT_095_Desorption | C10: =SampleList[[#This Row],[Duration (Days)]] -> 3 | D10: =SampleList[[#This Row],[Sample Description]] -> Desorption test | F10: 100 | G10: 24 | H10: 50 | I10: 30 | J10: 375 | K10: 68 | N10: =SUM(NMRPrep[[#This Row],[d-DMSO (uL) ]:[ NH4Cl (uL)]]) -> 647 | O10: =647 -> 647 | P10: =NMRPrep[[#This Row],[Total (uL) ]]-NMRPrep[[#This Row],[Target (uL)]] -> 0 | R10: =(NMRPrep[[#This Row],[NH4Cl Stock Concentration (mM)]]*NMRPrep[[#This Row],[ NH4Cl (uL)]])/SUM(NMRPrep[[#This Row],[DI (uL) ]:[ NH4Cl (uL)]]) -> 0
A11: =SampleList[[#This Row],[Date Sampled]] -> 46097 | B11: {=IF(ISBLANK(INDEX(SampleList[NMR],ROW()-1)),"Not Requested",INDEX(SampleList[Experiment ID],ROW()-1))} -> HPHT_097 | C11: =SampleList[[#This Row],[Duration (Days)]] -> 4 | D11: =SampleList[[#This Row],[Sample Description]] -> CaI experiment day 3 | F11: 100 | G11: 24 | H11: 50 | I11: 30 | J11: 375 | K11: 68 | N11: =SUM(NMRPrep[[#This Row],[d-DMSO (uL) ]:[ NH4Cl (uL)]]) -> 647 | O11: =647 -> 647 | P11: =NMRPrep[[#This Row],[Total (uL) ]]-NMRPrep[[#This Row],[Target (uL)]] -> 0 | R11: =(NMRPrep[[#This Row],[NH4Cl Stock Concentration (mM)]]*NMRPrep[[#This Row],[ NH4Cl (uL)]])/SUM(NMRPrep[[#This Row],[DI (uL) ]:[ NH4Cl (uL)]]) -> 0
A12: =SampleList[[#This Row],[Date Sampled]] -> 46097 | B12: {=IF(ISBLANK(INDEX(SampleList[NMR],ROW()-1)),"Not Requested",INDEX(SampleList[Experiment ID],ROW()-1))} -> Standard | C12: =SampleList[[#This Row],[Duration (Days)]] -> 0 | D12: =SampleList[[#This Row],[Sample Description]] -> 150uL 1mM NH4Cl | F12: 100 | G12: 24 | H12: 50 | I12: 30 | J12: 293 | K12: 0 | L12: 150 | N12: =SUM(NMRPrep[[#This Row],[d-DMSO (uL) ]:[ NH4Cl (uL)]]) -> 647 | O12: =647 -> 647 | P12: =NMRPrep[[#This Row],[Total (uL) ]]-NMRPrep[[#This Row],[Target (uL)]] -> 0 | R12: =(NMRPrep[[#This Row],[NH4Cl Stock Concentration (mM)]]*NMRPrep[[#This Row],[ NH4Cl (uL)]])/SUM(NMRPrep[[#This Row],[DI (uL) ]:[ NH4Cl (uL)]]) -> 0
A13: =SampleList[[#This Row],[Date Sampled]] -> 46097 | B13: {=IF(ISBLANK(INDEX(SampleList[NMR],ROW()-1)),"Not Requested",INDEX(SampleList[Experiment ID],ROW()-1))} -> HPHT_096 | C13: =SampleList[[#This Row],[Duration (Days)]] -> 10 | D13: =SampleList[[#This Row],[Sample Description]] -> Liquid and gas sample | F13: 100 | G13: 24 | H13: 50 | I13: 30 | J13: 375 | K13: 68 | N13: =SUM(NMRPrep[[#This Row],[d-DMSO (uL) ]:[ NH4Cl (uL)]]) -> 647 | O13: =647 -> 647 | P13: =NMRPrep[[#This Row],[Total (uL) ]]-NMRPrep[[#This Row],[Target (uL)]] -> 0 | R13: =(NMRPrep[[#This Row],[NH4Cl Stock Concentration (mM)]]*NMRPrep[[#This Row],[ NH4Cl (uL)]])/SUM(NMRPrep[[#This Row],[DI (uL) ]:[ NH4Cl (uL)]]) -> 0
A14: =SampleList[[#This Row],[Date Sampled]] -> 46097 | B14: {=IF(ISBLANK(INDEX(SampleList[NMR],ROW()-1)),"Not Requested",INDEX(SampleList[Experiment ID],ROW()-1))} -> HPHT_079 | C14: =SampleList[[#This Row],[Duration (Days)]] -> 39 | D14: =SampleList[[#This Row],[Sample Description]] -> CaO Gas sample | F14: 100 | G14: 24 | H14: 50 | I14: 30 | J14: 375 | K14: 68 | N14: =SUM(NMRPrep[[#This Row],[d-DMSO (uL) ]:[ NH4Cl (uL)]]) -> 647 | O14: =647 -> 647 | P14: =NMRPrep[[#This Row],[Total (uL) ]]-NMRPrep[[#This Row],[Target (uL)]] -> 0 | R14: =(NMRPrep[[#This Row],[NH4Cl Stock Concentration (mM)]]*NMRPrep[[#This Row],[ NH4Cl (uL)]])/SUM(NMRPrep[[#This Row],[DI (uL) ]:[ NH4Cl (uL)]]) -> 0
A15: =SampleList[[#This Row],[Date Sampled]] -> 46099 | B15: {=IF(ISBLANK(INDEX(SampleList[NMR],ROW()-1)),"Not Requested",INDEX(SampleList[Experiment ID],ROW()-1))} -> HPHT_097 | C15: =SampleList[[#This Row],[Duration (Days)]] -> 6 | D15: =SampleList[[#This Row],[Sample Description]] -> CaI2 Gas, Liquid, Rock Sample | F15: 100 | G15: 24 | H15: 50 | I15: 30 | J15: 375 | K15: 68 | N15: =SUM(NMRPrep[[#This Row],[d-DMSO (uL) ]:[ NH4Cl (uL)]]) -> 647 | O15: =647 -> 647 | P15: =NMRPrep[[#This Row],[Total (uL) ]]-NMRPrep[[#This Row],[Target (uL)]] -> 0 | R15: =(NMRPrep[[#This Row],[NH4Cl Stock Concentration (mM)]]*NMRPrep[[#This Row],[ NH4Cl (uL)]])/SUM(NMRPrep[[#This Row],[DI (uL) ]:[ NH4Cl (uL)]]) -> 0
A16: =SampleList[[#This Row],[Date Sampled]] -> 46080 | B16: {=IF(ISBLANK(INDEX(SampleList[NMR],ROW()-1)),"Not Requested",INDEX(SampleList[Experiment ID],ROW()-1))} -> Not Requested | C16: =SampleList[[#This Row],[Duration (Days)]] -> 6 | D16: =SampleList[[#This Row],[Sample Description]] -> 0.007mL/min at 220C for 2 days | F16: 100 | G16: 24 | H16: 50 | I16: 30 | J16: 375 | K16: 68 | N16: =SUM(NMRPrep[[#This Row],[d-DMSO (uL) ]:[ NH4Cl (uL)]]) -> 647 | O16: =647 -> 647 | P16: =NMRPrep[[#This Row],[Total (uL) ]]-NMRPrep[[#This Row],[Target (uL)]] -> 0 | R16: =(NMRPrep[[#This Row],[NH4Cl Stock Concentration (mM)]]*NMRPrep[[#This Row],[ NH4Cl (uL)]])/SUM(NMRPrep[[#This Row],[DI (uL) ]:[ NH4Cl (uL)]]) -> 0
A17: =SampleList[[#This Row],[Date Sampled]] -> 46080 | B17: {=IF(ISBLANK(INDEX(SampleList[NMR],ROW()-1)),"Not Requested",INDEX(SampleList[Experiment ID],ROW()-1))} -> Not Requested | C17: =SampleList[[#This Row],[Duration (Days)]] -> 46 | D17: =SampleList[[#This Row],[Sample Description]] -> Final liquid + gas sample | F17: 100 | G17: 24 | H17: 50 | I17: 30 | J17: 375 | K17: 68 | N17: =SUM(NMRPrep[[#This Row],[d-DMSO (uL) ]:[ NH4Cl (uL)]]) -> 647 | O17: =647 -> 647 | P17: =NMRPrep[[#This Row],[Total (uL) ]]-NMRPrep[[#This Row],[Target (uL)]] -> 0 | R17: =(NMRPrep[[#This Row],[NH4Cl Stock Concentration (mM)]]*NMRPrep[[#This Row],[ NH4Cl (uL)]])/SUM(NMRPrep[[#This Row],[DI (uL) ]:[ NH4Cl (uL)]]) -> 0
A18: =SampleList[[#This Row],[Date Sampled]] -> 46080 | B18: {=IF(ISBLANK(INDEX(SampleList[NMR],ROW()-1)),"Not Requested",INDEX(SampleList[Experiment ID],ROW()-1))} -> Not Requested | C18: =SampleList[[#This Row],[Duration (Days)]] -> 18 | D18: =SampleList[[#This Row],[Sample Description]] -> Acetate Buffer, contnued 18 days, liquid from gas port | F18: 100 | G18: 24 | H18: 50 | I18: 30 | J18: 375 | K18: 68 | N18: =SUM(NMRPrep[[#This Row],[d-DMSO (uL) ]:[ NH4Cl (uL)]]) -> 647 | O18: =647 -> 647 | P18: =NMRPrep[[#This Row],[Total (uL) ]]-NMRPrep[[#This Row],[Target (uL)]] -> 0 | R18: =(NMRPrep[[#This Row],[NH4Cl Stock Concentration (mM)]]*NMRPrep[[#This Row],[ NH4Cl (uL)]])/SUM(NMRPrep[[#This Row],[DI (uL) ]:[ NH4Cl (uL)]]) -> 0
A19: =SampleList[[#This Row],[Date Sampled]] -> 46080 | B19: {=IF(ISBLANK(INDEX(SampleList[NMR],ROW()-1)),"Not Requested",INDEX(SampleList[Experiment ID],ROW()-1))} -> Not Requested | C19: =SampleList[[#This Row],[Duration (Days)]] -> 22 | D19: =SampleList[[#This Row],[Sample Description]] -> CaO Gas sample | F19: 100 | G19: 24 | H19: 50 | I19: 30 | J19: 375 | K19: 68 | N19: =SUM(NMRPrep[[#This Row],[d-DMSO (uL) ]:[ NH4Cl (uL)]]) -> 647 | O19: =647 -> 647 | P19: =NMRPrep[[#This Row],[Total (uL) ]]-NMRPrep[[#This Row],[Target (uL)]] -> 0 | R19: =(NMRPrep[[#This Row],[NH4Cl Stock Concentration (mM)]]*NMRPrep[[#This Row],[ NH4Cl (uL)]])/SUM(NMRPrep[[#This Row],[DI (uL) ]:[ NH4Cl (uL)]]) -> 0
A20: =SampleList[[#This Row],[Date Sampled]] -> 46083 | B20: {=IF(ISBLANK(INDEX(SampleList[NMR],ROW()-1)),"Not Requested",INDEX(SampleList[Experiment ID],ROW()-1))} -> Not Requested | C20: =SampleList[[#This Row],[Duration (Days)]] -> 20 | D20: =SampleList[[#This Row],[Sample Description]] -> 2 days at 20C, hydrogen generated, dip tube sample high peak | F20: 100 | G20: 24 | H20: 50 | I20: 30 | J20: 375 | K20: 68 | N20: =SUM(NMRPrep[[#This Row],[d-DMSO (uL) ]:[ NH4Cl (uL)]]) -> 647 | O20: =647 -> 647 | P20: =NMRPrep[[#This Row],[Total (uL) ]]-NMRPrep[[#This Row],[Target (uL)]] -> 0 | R20: =(NMRPrep[[#This Row],[NH4Cl Stock Concentration (mM)]]*NMRPrep[[#This Row],[ NH4Cl (uL)]])/SUM(NMRPrep[[#This Row],[DI (uL) ]:[ NH4Cl (uL)]]) -> 0
A21: =SampleList[[#This Row],[Date Sampled]] -> 46083 | B21: {=IF(ISBLANK(INDEX(SampleList[NMR],ROW()-1)),"Not Requested",INDEX(SampleList[Experiment ID],ROW()-1))} -> Not Requested | C21: =SampleList[[#This Row],[Duration (Days)]] -> 8 | D21: =SampleList[[#This Row],[Sample Description]] -> 0.007mL/min at 300C for 2 days | F21: 100 | G21: 24 | H21: 50 | I21: 30 | J21: 375 | K21: 68 | N21: =SUM(NMRPrep[[#This Row],[d-DMSO (uL) ]:[ NH4Cl (uL)]]) -> 647 | O21: =647 -> 647 | P21: =NMRPrep[[#This Row],[Total (uL) ]]-NMRPrep[[#This Row],[Target (uL)]] -> 0 | R21: =(NMRPrep[[#This Row],[NH4Cl Stock Concentration (mM)]]*NMRPrep[[#This Row],[ NH4Cl (uL)]])/SUM(NMRPrep[[#This Row],[DI (uL) ]:[ NH4Cl (uL)]]) -> 0
A22: =SampleList[[#This Row],[Date Sampled]] -> 46083 | B22: {=IF(ISBLANK(INDEX(SampleList[NMR],ROW()-1)),"Not Requested",INDEX(SampleList[Experiment ID],ROW()-1))} -> Not Requested | C22: =SampleList[[#This Row],[Duration (Days)]] -> 10 | D22: =SampleList[[#This Row],[Sample Description]] -> Tamarack continued | F22: 100 | G22: 24 | H22: 50 | I22: 30 | J22: 375 | K22: 68 | N22: =SUM(NMRPrep[[#This Row],[d-DMSO (uL) ]:[ NH4Cl (uL)]]) -> 647 | O22: =647 -> 647 | P22: =NMRPrep[[#This Row],[Total (uL) ]]-NMRPrep[[#This Row],[Target (uL)]] -> 0 | R22: =(NMRPrep[[#This Row],[NH4Cl Stock Concentration (mM)]]*NMRPrep[[#This Row],[ NH4Cl (uL)]])/SUM(NMRPrep[[#This Row],[DI (uL) ]:[ NH4Cl (uL)]]) -> 0
A23: =SampleList[[#This Row],[Date Sampled]] -> 46083 | B23: {=IF(ISBLANK(INDEX(SampleList[NMR],ROW()-1)),"Not Requested",INDEX(SampleList[Experiment ID],ROW()-1))} -> Not Requested | C23: =SampleList[[#This Row],[Duration (Days)]] -> 2 | D23: =SampleList[[#This Row],[Sample Description]] -> Reactor 6 background | F23: 100 | G23: 24 | H23: 50 | I23: 30 | J23: 375 | K23: 68 | N23: =SUM(NMRPrep[[#This Row],[d-DMSO (uL) ]:[ NH4Cl (uL)]]) -> 647 | O23: =647 -> 647 | P23: =NMRPrep[[#This Row],[Total (uL) ]]-NMRPrep[[#This Row],[Target (uL)]] -> 0 | R23: =(NMRPrep[[#This Row],[NH4Cl Stock Concentration (mM)]]*NMRPrep[[#This Row],[ NH4Cl (uL)]])/SUM(NMRPrep[[#This Row],[DI (uL) ]:[ NH4Cl (uL)]]) -> 0
A24: =SampleList[[#This Row],[Date Sampled]] -> 46086 | B24: {=IF(ISBLANK(INDEX(SampleList[NMR],ROW()-1)),"Not Requested",INDEX(SampleList[Experiment ID],ROW()-1))} -> Not Requested | C24: =SampleList[[#This Row],[Duration (Days)]] -> 52 | D24: =SampleList[[#This Row],[Sample Description]] -> Final liquid + gas sample | F24: 100 | G24: 24 | H24: 50 | I24: 30 | J24: 375 | K24: 68 | N24: =SUM(NMRPrep[[#This Row],[d-DMSO (uL) ]:[ NH4Cl (uL)]]) -> 647 | O24: =647 -> 647 | P24: =NMRPrep[[#This Row],[Total (uL) ]]-NMRPrep[[#This Row],[Target (uL)]] -> 0 | R24: =(NMRPrep[[#This Row],[NH4Cl Stock Concentration (mM)]]*NMRPrep[[#This Row],[ NH4Cl (uL)]])/SUM(NMRPrep[[#This Row],[DI (uL) ]:[ NH4Cl (uL)]]) -> 0
... A40: =SampleList[[#This Row],[Date Sampled]] -> 46097 | B40: {=IF(ISBLANK(INDEX(SampleList[NMR],ROW()-1)),"Not Requested",INDEX(SampleList[Experiment ID],ROW()-1))} -> HPHT_096 | C40: =SampleList[[#This Row],[Duration (Days)]] -> 10 | D40: =SampleList[[#This Row],[Sample Description]] -> NMR tube 10 from 3/16/26 | F40: 100 | G40: 24 | H40: 50 | I40: 30 | J40: 375 | K40: 68 | N40: =SUM(NMRPrep[[#This Row],[d-DMSO (uL) ]:[ NH4Cl (uL)]]) -> 647 | O40: =647 -> 647 | P40: =NMRPrep[[#This Row],[Total (uL) ]]-NMRPrep[[#This Row],[Target (uL)]] -> 0 | R40: =(NMRPrep[[#This Row],[NH4Cl Stock Concentration (mM)]]*NMRPrep[[#This Row],[ NH4Cl (uL)]])/SUM(NMRPrep[[#This Row],[DI (uL) ]:[ NH4Cl (uL)]]) -> 0
A41: =SampleList[[#This Row],[Date Sampled]] -> 46099 | B41: {=IF(ISBLANK(INDEX(SampleList[NMR],ROW()-1)),"Not Requested",INDEX(SampleList[Experiment ID],ROW()-1))} -> NMR Standard | C41: =SampleList[[#This Row],[Duration (Days)]] -> 0 | D41: =SampleList[[#This Row],[Sample Description]] -> NH4 Standard NMR | F41: 100 | G41: 24 | H41: 50 | I41: 30 | J41: 293 | K41: 0 | L41: 150 | N41: =SUM(NMRPrep[[#This Row],[d-DMSO (uL) ]:[ NH4Cl (uL)]]) -> 647 | O41: =647 -> 647 | P41: =NMRPrep[[#This Row],[Total (uL) ]]-NMRPrep[[#This Row],[Target (uL)]] -> 0 | R41: =(NMRPrep[[#This Row],[NH4Cl Stock Concentration (mM)]]*NMRPrep[[#This Row],[ NH4Cl (uL)]])/SUM(NMRPrep[[#This Row],[DI (uL) ]:[ NH4Cl (uL)]]) -> 0
A42: =SampleList[[#This Row],[Date Sampled]] -> 46099 | B42: {=IF(ISBLANK(INDEX(SampleList[NMR],ROW()-1)),"Not Requested",INDEX(SampleList[Experiment ID],ROW()-1))} -> HPHT_070_Desorption | C42: =SampleList[[#This Row],[Duration (Days)]] -> 5 | D42: =SampleList[[#This Row],[Sample Description]] -> Desorption test | F42: 100 | G42: 24 | H42: 50 | I42: 30 | J42: 375 | K42: 68 | N42: =SUM(NMRPrep[[#This Row],[d-DMSO (uL) ]:[ NH4Cl (uL)]]) -> 647 | O42: =647 -> 647 | P42: =NMRPrep[[#This Row],[Total (uL) ]]-NMRPrep[[#This Row],[Target (uL)]] -> 0 | R42: =(NMRPrep[[#This Row],[NH4Cl Stock Concentration (mM)]]*NMRPrep[[#This Row],[ NH4Cl (uL)]])/SUM(NMRPrep[[#This Row],[DI (uL) ]:[ NH4Cl (uL)]]) -> 0
A43: =SampleList[[#This Row],[Date Sampled]] -> 46100 | B43: {=IF(ISBLANK(INDEX(SampleList[NMR],ROW()-1)),"Not Requested",INDEX(SampleList[Experiment ID],ROW()-1))} -> HPHT_089 | C43: =SampleList[[#This Row],[Duration (Days)]] -> 3 | D43: =SampleList[[#This Row],[Sample Description]] -> Liquid and Gas sample | E43: 1 | F43: 100 | G43: 24 | H43: 50 | I43: 30 | J43: 375 | K43: 68 | N43: =SUM(NMRPrep[[#This Row],[d-DMSO (uL) ]:[ NH4Cl (uL)]]) -> 647 | O43: =647 -> 647 | P43: =NMRPrep[[#This Row],[Total (uL) ]]-NMRPrep[[#This Row],[Target (uL)]] -> 0 | R43: =(NMRPrep[[#This Row],[NH4Cl Stock Concentration (mM)]]*NMRPrep[[#This Row],[ NH4Cl (uL)]])/SUM(NMRPrep[[#This Row],[DI (uL) ]:[ NH4Cl (uL)]]) -> 0
A44: =SampleList[[#This Row],[Date Sampled]] -> 46100 | B44: {=IF(ISBLANK(INDEX(SampleList[NMR],ROW()-1)),"Not Requested",INDEX(SampleList[Experiment ID],ROW()-1))} -> HPHT_096 | C44: =SampleList[[#This Row],[Duration (Days)]] -> 13 | D44: =SampleList[[#This Row],[Sample Description]] -> Liquid and Gas sample | E44: 2 | F44: 100 | G44: 24 | H44: 50 | I44: 30 | J44: 375 | K44: 68 | N44: =SUM(NMRPrep[[#This Row],[d-DMSO (uL) ]:[ NH4Cl (uL)]]) -> 647 | O44: =647 -> 647 | P44: =NMRPrep[[#This Row],[Total (uL) ]]-NMRPrep[[#This Row],[Target (uL)]] -> 0 | R44: =(NMRPrep[[#This Row],[NH4Cl Stock Concentration (mM)]]*NMRPrep[[#This Row],[ NH4Cl (uL)]])/SUM(NMRPrep[[#This Row],[DI (uL) ]:[ NH4Cl (uL)]]) -> 0
A45: =SampleList[[#This Row],[Date Sampled]] -> 46100 | B45: {=IF(ISBLANK(INDEX(SampleList[NMR],ROW()-1)),"Not Requested",INDEX(SampleList[Experiment ID],ROW()-1))} -> Not Requested | C45: =SampleList[[#This Row],[Duration (Days)]] -> 42 | D45: =SampleList[[#This Row],[Sample Description]] -> Gas sample | N45: =SUM(NMRPrep[[#This Row],[d-DMSO (uL) ]:[ NH4Cl (uL)]]) -> 0 | O45: =647 -> 647 | P45: =NMRPrep[[#This Row],[Total (uL) ]]-NMRPrep[[#This Row],[Target (uL)]] -> -647 | R45: =(NMRPrep[[#This Row],[NH4Cl Stock Concentration (mM)]]*NMRPrep[[#This Row],[ NH4Cl (uL)]])/SUM(NMRPrep[[#This Row],[DI (uL) ]:[ NH4Cl (uL)]]) -> #DIV/0!
A46: =SampleList[[#This Row],[Date Sampled]] -> 46101 | B46: {=IF(ISBLANK(INDEX(SampleList[NMR],ROW()-1)),"Not Requested",INDEX(SampleList[Experiment ID],ROW()-1))} -> HPHT_097 | C46: =SampleList[[#This Row],[Duration (Days)]] -> 8 | D46: =SampleList[[#This Row],[Sample Description]] -> Liquid sample | E46: 3 | F46: 100 | G46: 24 | H46: 50 | I46: 30 | J46: 375 | K46: 68 | N46: =SUM(NMRPrep[[#This Row],[d-DMSO (uL) ]:[ NH4Cl (uL)]]) -> 647 | O46: =647 -> 647 | P46: =NMRPrep[[#This Row],[Total (uL) ]]-NMRPrep[[#This Row],[Target (uL)]] -> 0 | R46: =(NMRPrep[[#This Row],[NH4Cl Stock Concentration (mM)]]*NMRPrep[[#This Row],[ NH4Cl (uL)]])/SUM(NMRPrep[[#This Row],[DI (uL) ]:[ NH4Cl (uL)]]) -> 0
A47: =SampleList[[#This Row],[Date Sampled]] -> 46101 | B47: {=IF(ISBLANK(INDEX(SampleList[NMR],ROW()-1)),"Not Requested",INDEX(SampleList[Experiment ID],ROW()-1))} -> HPHT_105 | C47: =SampleList[[#This Row],[Duration (Days)]] -> 3 | D47: =SampleList[[#This Row],[Sample Description]] -> Liquid and Gas sample | E47: 4 | F47: 100 | G47: 24 | H47: 50 | I47: 30 | J47: 375 | K47: 68 | N47: =SUM(NMRPrep[[#This Row],[d-DMSO (uL) ]:[ NH4Cl (uL)]]) -> 647 | O47: =647 -> 647 | P47: =NMRPrep[[#This Row],[Total (uL) ]]-NMRPrep[[#This Row],[Target (uL)]] -> 0 | R47: =(NMRPrep[[#This Row],[NH4Cl Stock Concentration (mM)]]*NMRPrep[[#This Row],[ NH4Cl (uL)]])/SUM(NMRPrep[[#This Row],[DI (uL) ]:[ NH4Cl (uL)]]) -> 0
A48: =SampleList[[#This Row],[Date Sampled]] -> 46101 | B48: {=IF(ISBLANK(INDEX(SampleList[NMR],ROW()-1)),"Not Requested",INDEX(SampleList[Experiment ID],ROW()-1))} -> 150uL NMR Standard | C48: =SampleList[[#This Row],[Duration (Days)]] -> 0 | D48: =SampleList[[#This Row],[Sample Description]] -> 150uL 1mM NH4Cl | E48: 5 | F48: 100 | G48: 24 | H48: 50 | I48: 30 | J48: 293 | K48: 0 | L48: 150 | N48: =SUM(NMRPrep[[#This Row],[d-DMSO (uL) ]:[ NH4Cl (uL)]]) -> 647 | O48: =647 -> 647 | P48: =NMRPrep[[#This Row],[Total (uL) ]]-NMRPrep[[#This Row],[Target (uL)]] -> 0 | R48: =(NMRPrep[[#This Row],[NH4Cl Stock Concentration (mM)]]*NMRPrep[[#This Row],[ NH4Cl (uL)]])/SUM(NMRPrep[[#This Row],[DI (uL) ]:[ NH4Cl (uL)]]) -> 0
A49: =SampleList[[#This Row],[Date Sampled]] -> 46104 | B49: {=IF(ISBLANK(INDEX(SampleList[NMR],ROW()-1)),"Not Requested",INDEX(SampleList[Experiment ID],ROW()-1))} -> HPHT_096 | C49: =SampleList[[#This Row],[Duration (Days)]] -> 17 | D49: =SampleList[[#This Row],[Sample Description]] -> Liquid and gas sample, +450mg Pd | N49: =SUM(NMRPrep[[#This Row],[d-DMSO (uL) ]:[ NH4Cl (uL)]]) -> 0 | O49: =647 -> 647 | P49: =NMRPrep[[#This Row],[Total (uL) ]]-NMRPrep[[#This Row],[Target (uL)]] -> -647 | R49: =(NMRPrep[[#This Row],[NH4Cl Stock Concentration (mM)]]*NMRPrep[[#This Row],[ NH4Cl (uL)]])/SUM(NMRPrep[[#This Row],[DI (uL) ]:[ NH4Cl (uL)]]) -> #DIV/0!
A50: =SampleList[[#This Row],[Date Sampled]] -> 46104 | B50: {=IF(ISBLANK(INDEX(SampleList[NMR],ROW()-1)),"Not Requested",INDEX(SampleList[Experiment ID],ROW()-1))} -> HPHT_089 | C50: =SampleList[[#This Row],[Duration (Days)]] -> 7 | D50: =SampleList[[#This Row],[Sample Description]] -> Liquid and gas sample, pH adjust | N50: =SUM(NMRPrep[[#This Row],[d-DMSO (uL) ]:[ NH4Cl (uL)]]) -> 0 | O50: =647 -> 647 | P50: =NMRPrep[[#This Row],[Total (uL) ]]-NMRPrep[[#This Row],[Target (uL)]] -> -647 | R50: =(NMRPrep[[#This Row],[NH4Cl Stock Concentration (mM)]]*NMRPrep[[#This Row],[ NH4Cl (uL)]])/SUM(NMRPrep[[#This Row],[DI (uL) ]:[ NH4Cl (uL)]]) -> #DIV/0!
A51: =SampleList[[#This Row],[Date Sampled]] -> 46104 | B51: {=IF(ISBLANK(INDEX(SampleList[NMR],ROW()-1)),"Not Requested",INDEX(SampleList[Experiment ID],ROW()-1))} -> Not Requested | C51: =SampleList[[#This Row],[Duration (Days)]] -> 46 | D51: =SampleList[[#This Row],[Sample Description]] -> Gas sample only | N51: =SUM(NMRPrep[[#This Row],[d-DMSO (uL) ]:[ NH4Cl (uL)]]) -> 0 | O51: =647 -> 647 | P51: =NMRPrep[[#This Row],[Total (uL) ]]-NMRPrep[[#This Row],[Target (uL)]] -> -647 | R51: =(NMRPrep[[#This Row],[NH4Cl Stock Concentration (mM)]]*NMRPrep[[#This Row],[ NH4Cl (uL)]])/SUM(NMRPrep[[#This Row],[DI (uL) ]:[ NH4Cl (uL)]]) -> #DIV/0!
A52: =SampleList[[#This Row],[Date Sampled]] -> 46104 | B52: {=IF(ISBLANK(INDEX(SampleList[NMR],ROW()-1)),"Not Requested",INDEX(SampleList[Experiment ID],ROW()-1))} -> HPHT_097 | C52: =SampleList[[#This Row],[Duration (Days)]] -> 11 | D52: =SampleList[[#This Row],[Sample Description]] -> Liquid and gas sample, pH adjust | N52: =SUM(NMRPrep[[#This Row],[d-DMSO (uL) ]:[ NH4Cl (uL)]]) -> 0 | O52: =647 -> 647 | P52: =NMRPrep[[#This Row],[Total (uL) ]]-NMRPrep[[#This Row],[Target (uL)]] -> -647 | R52: =(NMRPrep[[#This Row],[NH4Cl Stock Concentration (mM)]]*NMRPrep[[#This Row],[ NH4Cl (uL)]])/SUM(NMRPrep[[#This Row],[DI (uL) ]:[ NH4Cl (uL)]]) -> #DIV/0!
A53: =SampleList[[#This Row],[Date Sampled]] -> 46104 | B53: {=IF(ISBLANK(INDEX(SampleList[NMR],ROW()-1)),"Not Requested",INDEX(SampleList[Experiment ID],ROW()-1))} -> HPHT_103 | C53: =SampleList[[#This Row],[Duration (Days)]] -> 3 | D53: =SampleList[[#This Row],[Sample Description]] -> Liquid sample only | N53: =SUM(NMRPrep[[#This Row],[d-DMSO (uL) ]:[ NH4Cl (uL)]]) -> 0 | O53: =647 -> 647 | P53: =NMRPrep[[#This Row],[Total (uL) ]]-NMRPrep[[#This Row],[Target (uL)]] -> -647 | R53: =(NMRPrep[[#This Row],[NH4Cl Stock Concentration (mM)]]*NMRPrep[[#This Row],[ NH4Cl (uL)]])/SUM(NMRPrep[[#This Row],[DI (uL) ]:[ NH4Cl (uL)]]) -> #DIV/0!
A54: =SampleList[[#This Row],[Date Sampled]] -> 46104 | B54: {=IF(ISBLANK(INDEX(SampleList[NMR],ROW()-1)),"Not Requested",INDEX(SampleList[Experiment ID],ROW()-1))} -> HPHT_104 | C54: =SampleList[[#This Row],[Duration (Days)]] -> 3 | D54: =SampleList[[#This Row],[Sample Description]] -> Liquid sample only | N54: =SUM(NMRPrep[[#This Row],[d-DMSO (uL) ]:[ NH4Cl (uL)]]) -> 0 | O54: =647 -> 647 | P54: =NMRPrep[[#This Row],[Total (uL) ]]-NMRPrep[[#This Row],[Target (uL)]] -> -647 | R54: =(NMRPrep[[#This Row],[NH4Cl Stock Concentration (mM)]]*NMRPrep[[#This Row],[ NH4Cl (uL)]])/SUM(NMRPrep[[#This Row],[DI (uL) ]:[ NH4Cl (uL)]]) -> #DIV/0!
A55: =SampleList[[#This Row],[Date Sampled]] -> 46104 | B55: {=IF(ISBLANK(INDEX(SampleList[NMR],ROW()-1)),"Not Requested",INDEX(SampleList[Experiment ID],ROW()-1))} -> HPHT_107 | C55: =SampleList[[#This Row],[Duration (Days)]] -> 3 | D55: =SampleList[[#This Row],[Sample Description]] -> Liquid and gas sample | N55: =SUM(NMRPrep[[#This Row],[d-DMSO (uL) ]:[ NH4Cl (uL)]]) -> 0 | O55: =647 -> 647 | P55: =NMRPrep[[#This Row],[Total (uL) ]]-NMRPrep[[#This Row],[Target (uL)]] -> -647 | R55: =(NMRPrep[[#This Row],[NH4Cl Stock Concentration (mM)]]*NMRPrep[[#This Row],[ NH4Cl (uL)]])/SUM(NMRPrep[[#This Row],[DI (uL) ]:[ NH4Cl (uL)]]) -> #DIV/0!
A56: =SampleList[[#This Row],[Date Sampled]] -> 0 | B56: {=IF(ISBLANK(INDEX(SampleList[NMR],ROW()-1)),"Not Requested",INDEX(SampleList[Experiment ID],ROW()-1))} -> Not Requested | C56: =SampleList[[#This Row],[Duration (Days)]] -> 0 | D56: =SampleList[[#This Row],[Sample Description]] -> 0 | N56: =SUM(NMRPrep[[#This Row],[d-DMSO (uL) ]:[ NH4Cl (uL)]]) -> 0 | O56: =647 -> 647 | P56: =NMRPrep[[#This Row],[Total (uL) ]]-NMRPrep[[#This Row],[Target (uL)]] -> -647 | R56: =(NMRPrep[[#This Row],[NH4Cl Stock Concentration (mM)]]*NMRPrep[[#This Row],[ NH4Cl (uL)]])/SUM(NMRPrep[[#This Row],[DI (uL) ]:[ NH4Cl (uL)]]) -> #DIV/0!
A57: =SampleList[[#This Row],[Date Sampled]] -> 0 | B57: {=IF(ISBLANK(INDEX(SampleList[NMR],ROW()-1)),"Not Requested",INDEX(SampleList[Experiment ID],ROW()-1))} -> Not Requested | C57: =SampleList[[#This Row],[Duration (Days)]] -> 0 | D57: =SampleList[[#This Row],[Sample Description]] -> 0 | N57: =SUM(NMRPrep[[#This Row],[d-DMSO (uL) ]:[ NH4Cl (uL)]]) -> 0 | O57: =647 -> 647 | P57: =NMRPrep[[#This Row],[Total (uL) ]]-NMRPrep[[#This Row],[Target (uL)]] -> -647 | R57: =(NMRPrep[[#This Row],[NH4Cl Stock Concentration (mM)]]*NMRPrep[[#This Row],[ NH4Cl (uL)]])/SUM(NMRPrep[[#This Row],[DI (uL) ]:[ NH4Cl (uL)]]) -> #DIV/0!
A58: =SampleList[[#This Row],[Date Sampled]] -> 0 | B58: {=IF(ISBLANK(INDEX(SampleList[NMR],ROW()-1)),"Not Requested",INDEX(SampleList[Experiment ID],ROW()-1))} -> Not Requested | C58: =SampleList[[#This Row],[Duration (Days)]] -> 0 | D58: =SampleList[[#This Row],[Sample Description]] -> 0 | N58: =SUM(NMRPrep[[#This Row],[d-DMSO (uL) ]:[ NH4Cl (uL)]]) -> 0 | O58: =647 -> 647 | P58: =NMRPrep[[#This Row],[Total (uL) ]]-NMRPrep[[#This Row],[Target (uL)]] -> -647 | R58: =(NMRPrep[[#This Row],[NH4Cl Stock Concentration (mM)]]*NMRPrep[[#This Row],[ NH4Cl (uL)]])/SUM(NMRPrep[[#This Row],[DI (uL) ]:[ NH4Cl (uL)]]) -> #DIV/0!
A59: =SampleList[[#This Row],[Date Sampled]] -> 0 | B59: {=IF(ISBLANK(INDEX(SampleList[NMR],ROW()-1)),"Not Requested",INDEX(SampleList[Experiment ID],ROW()-1))} -> Not Requested | C59: =SampleList[[#This Row],[Duration (Days)]] -> 0 | D59: =SampleList[[#This Row],[Sample Description]] -> 0 | N59: =SUM(NMRPrep[[#This Row],[d-DMSO (uL) ]:[ NH4Cl (uL)]]) -> 0 | O59: =647 -> 647 | P59: =NMRPrep[[#This Row],[Total (uL) ]]-NMRPrep[[#This Row],[Target (uL)]] -> -647 | R59: =(NMRPrep[[#This Row],[NH4Cl Stock Concentration (mM)]]*NMRPrep[[#This Row],[ NH4Cl (uL)]])/SUM(NMRPrep[[#This Row],[DI (uL) ]:[ NH4Cl (uL)]]) -> #DIV/0!
A60: =SampleList[[#This Row],[Date Sampled]] -> 0 | B60: {=IF(ISBLANK(INDEX(SampleList[NMR],ROW()-1)),"Not Requested",INDEX(SampleList[Experiment ID],ROW()-1))} -> Not Requested | C60: =SampleList[[#This Row],[Duration (Days)]] -> 0 | D60: =SampleList[[#This Row],[Sample Description]] -> 0 | N60: =SUM(NMRPrep[[#This Row],[d-DMSO (uL) ]:[ NH4Cl (uL)]]) -> 0 | O60: =647 -> 647 | P60: =NMRPrep[[#This Row],[Total (uL) ]]-NMRPrep[[#This Row],[Target (uL)]] -> -647 | R60: =(NMRPrep[[#This Row],[NH4Cl Stock Concentration (mM)]]*NMRPrep[[#This Row],[ NH4Cl (uL)]])/SUM(NMRPrep[[#This Row],[DI (uL) ]:[ NH4Cl (uL)]]) -> #DIV/0!
... A743: =SampleList[[#This Row],[Date Sampled]] -> 0 | B743: {=IF(ISBLANK(INDEX(SampleList[NMR],ROW()-1)),"Not Requested",INDEX(SampleList[Experiment ID],ROW()-1))} -> Not Requested | C743: =SampleList[[#This Row],[Duration (Days)]] -> 0 | D743: =SampleList[[#This Row],[Sample Description]] -> 0 | N743: =SUM(NMRPrep[[#This Row],[d-DMSO (uL) ]:[ NH4Cl (uL)]]) -> 0 | O743: =647 -> 647 | P743: =NMRPrep[[#This Row],[Total (uL) ]]-NMRPrep[[#This Row],[Target (uL)]] -> -647 | R743: =(NMRPrep[[#This Row],[NH4Cl Stock Concentration (mM)]]*NMRPrep[[#This Row],[ NH4Cl (uL)]])/SUM(NMRPrep[[#This Row],[DI (uL) ]:[ NH4Cl (uL)]]) -> #DIV/0!
A744: =SampleList[[#This Row],[Date Sampled]] -> 0 | B744: {=IF(ISBLANK(INDEX(SampleList[NMR],ROW()-1)),"Not Requested",INDEX(SampleList[Experiment ID],ROW()-1))} -> Not Requested | C744: =SampleList[[#This Row],[Duration (Days)]] -> 0 | D744: =SampleList[[#This Row],[Sample Description]] -> 0 | E744: 1 | F744: 100 | G744: 24 | H744: 50 | I744: 30 | J744: 375 | K744: 68 | N744: =SUM(NMRPrep[[#This Row],[d-DMSO (uL) ]:[ NH4Cl (uL)]]) -> 647 | O744: =647 -> 647 | P744: =NMRPrep[[#This Row],[Total (uL) ]]-NMRPrep[[#This Row],[Target (uL)]] -> 0 | R744: =(NMRPrep[[#This Row],[NH4Cl Stock Concentration (mM)]]*NMRPrep[[#This Row],[ NH4Cl (uL)]])/SUM(NMRPrep[[#This Row],[DI (uL) ]:[ NH4Cl (uL)]]) -> 0
A745: =SampleList[[#This Row],[Date Sampled]] -> 0 | B745: {=IF(ISBLANK(INDEX(SampleList[NMR],ROW()-1)),"Not Requested",INDEX(SampleList[Experiment ID],ROW()-1))} -> Not Requested | C745: =SampleList[[#This Row],[Duration (Days)]] -> 0 | D745: =SampleList[[#This Row],[Sample Description]] -> 0 | E745: 2 | F745: 100 | G745: 24 | H745: 50 | I745: 30 | J745: 375 | K745: 68 | N745: =SUM(NMRPrep[[#This Row],[d-DMSO (uL) ]:[ NH4Cl (uL)]]) -> 647 | O745: =647 -> 647 | P745: =NMRPrep[[#This Row],[Total (uL) ]]-NMRPrep[[#This Row],[Target (uL)]] -> 0 | R745: =(NMRPrep[[#This Row],[NH4Cl Stock Concentration (mM)]]*NMRPrep[[#This Row],[ NH4Cl (uL)]])/SUM(NMRPrep[[#This Row],[DI (uL) ]:[ NH4Cl (uL)]]) -> 0
A746: =SampleList[[#This Row],[Date Sampled]] -> 0 | B746: {=IF(ISBLANK(INDEX(SampleList[NMR],ROW()-1)),"Not Requested",INDEX(SampleList[Experiment ID],ROW()-1))} -> Not Requested | C746: =SampleList[[#This Row],[Duration (Days)]] -> 0 | D746: =SampleList[[#This Row],[Sample Description]] -> 0 | E746: 3 | F746: 100 | G746: 24 | H746: 50 | I746: 30 | J746: 375 | K746: 68 | N746: =SUM(NMRPrep[[#This Row],[d-DMSO (uL) ]:[ NH4Cl (uL)]]) -> 647 | O746: =647 -> 647 | P746: =NMRPrep[[#This Row],[Total (uL) ]]-NMRPrep[[#This Row],[Target (uL)]] -> 0 | R746: =(NMRPrep[[#This Row],[NH4Cl Stock Concentration (mM)]]*NMRPrep[[#This Row],[ NH4Cl (uL)]])/SUM(NMRPrep[[#This Row],[DI (uL) ]:[ NH4Cl (uL)]]) -> 0
A747: =SampleList[[#This Row],[Date Sampled]] -> 0 | B747: {=IF(ISBLANK(INDEX(SampleList[NMR],ROW()-1)),"Not Requested",INDEX(SampleList[Experiment ID],ROW()-1))} -> Not Requested | C747: =SampleList[[#This Row],[Duration (Days)]] -> 0 | D747: =SampleList[[#This Row],[Sample Description]] -> 0 | E747: 4 | F747: 100 | G747: 24 | H747: 50 | I747: 30 | J747: 375 | K747: 68 | N747: =SUM(NMRPrep[[#This Row],[d-DMSO (uL) ]:[ NH4Cl (uL)]]) -> 647 | O747: =647 -> 647 | P747: =NMRPrep[[#This Row],[Total (uL) ]]-NMRPrep[[#This Row],[Target (uL)]] -> 0 | R747: =(NMRPrep[[#This Row],[NH4Cl Stock Concentration (mM)]]*NMRPrep[[#This Row],[ NH4Cl (uL)]])/SUM(NMRPrep[[#This Row],[DI (uL) ]:[ NH4Cl (uL)]]) -> 0
A748: =SampleList[[#This Row],[Date Sampled]] -> 0 | B748: {=IF(ISBLANK(INDEX(SampleList[NMR],ROW()-1)),"Not Requested",INDEX(SampleList[Experiment ID],ROW()-1))} -> Not Requested | C748: =SampleList[[#This Row],[Duration (Days)]] -> 0 | D748: =SampleList[[#This Row],[Sample Description]] -> 0 | E748: 6 | F748: 100 | G748: 24 | H748: 50 | I748: 30 | J748: 375 | K748: 68 | N748: =SUM(NMRPrep[[#This Row],[d-DMSO (uL) ]:[ NH4Cl (uL)]]) -> 647 | O748: =647 -> 647 | P748: =NMRPrep[[#This Row],[Total (uL) ]]-NMRPrep[[#This Row],[Target (uL)]] -> 0 | R748: =(NMRPrep[[#This Row],[NH4Cl Stock Concentration (mM)]]*NMRPrep[[#This Row],[ NH4Cl (uL)]])/SUM(NMRPrep[[#This Row],[DI (uL) ]:[ NH4Cl (uL)]]) -> 0
A749: =SampleList[[#This Row],[Date Sampled]] -> 0 | B749: {=IF(ISBLANK(INDEX(SampleList[NMR],ROW()-1)),"Not Requested",INDEX(SampleList[Experiment ID],ROW()-1))} -> Not Requested | C749: =SampleList[[#This Row],[Duration (Days)]] -> 0 | D749: =SampleList[[#This Row],[Sample Description]] -> 0 | E749: 5 | F749: 100 | G749: 24 | H749: 50 | I749: 30 | J749: 375 | K749: 68 | N749: =SUM(NMRPrep[[#This Row],[d-DMSO (uL) ]:[ NH4Cl (uL)]]) -> 647 | O749: =647 -> 647 | P749: =NMRPrep[[#This Row],[Total (uL) ]]-NMRPrep[[#This Row],[Target (uL)]] -> 0 | R749: =(NMRPrep[[#This Row],[NH4Cl Stock Concentration (mM)]]*NMRPrep[[#This Row],[ NH4Cl (uL)]])/SUM(NMRPrep[[#This Row],[DI (uL) ]:[ NH4Cl (uL)]]) -> 0
A750: =SampleList[[#This Row],[Date Sampled]] -> 0 | B750: {=IF(ISBLANK(INDEX(SampleList[NMR],ROW()-1)),"Not Requested",INDEX(SampleList[Experiment ID],ROW()-1))} -> Not Requested | C750: =SampleList[[#This Row],[Duration (Days)]] -> 0 | D750: =SampleList[[#This Row],[Sample Description]] -> 0 | E750: 7 | F750: 100 | G750: 24 | H750: 50 | I750: 30 | J750: 375 | K750: 68 | N750: =SUM(NMRPrep[[#This Row],[d-DMSO (uL) ]:[ NH4Cl (uL)]]) -> 647 | O750: =647 -> 647 | P750: =NMRPrep[[#This Row],[Total (uL) ]]-NMRPrep[[#This Row],[Target (uL)]] -> 0 | R750: =(NMRPrep[[#This Row],[NH4Cl Stock Concentration (mM)]]*NMRPrep[[#This Row],[ NH4Cl (uL)]])/SUM(NMRPrep[[#This Row],[DI (uL) ]:[ NH4Cl (uL)]]) -> 0
A751: =SampleList[[#This Row],[Date Sampled]] -> 0 | B751: {=IF(ISBLANK(INDEX(SampleList[NMR],ROW()-1)),"Not Requested",INDEX(SampleList[Experiment ID],ROW()-1))} -> Not Requested | C751: =SampleList[[#This Row],[Duration (Days)]] -> 0 | D751: =SampleList[[#This Row],[Sample Description]] -> 0 | E751: 8 | F751: 100 | G751: 24 | H751: 50 | I751: 30 | J751: 375 | K751: 68 | N751: =SUM(NMRPrep[[#This Row],[d-DMSO (uL) ]:[ NH4Cl (uL)]]) -> 647 | O751: =647 -> 647 | P751: =NMRPrep[[#This Row],[Total (uL) ]]-NMRPrep[[#This Row],[Target (uL)]] -> 0 | R751: =(NMRPrep[[#This Row],[NH4Cl Stock Concentration (mM)]]*NMRPrep[[#This Row],[ NH4Cl (uL)]])/SUM(NMRPrep[[#This Row],[DI (uL) ]:[ NH4Cl (uL)]]) -> 0
A752: =SampleList[[#This Row],[Date Sampled]] -> 0 | B752: {=IF(ISBLANK(INDEX(SampleList[NMR],ROW()-1)),"Not Requested",INDEX(SampleList[Experiment ID],ROW()-1))} -> Not Requested | C752: =SampleList[[#This Row],[Duration (Days)]] -> 0 | D752: =SampleList[[#This Row],[Sample Description]] -> 0 | E752: 9 | F752: 100 | G752: 24 | H752: 50 | I752: 30 | J752: 375 | K752: 68 | N752: =SUM(NMRPrep[[#This Row],[d-DMSO (uL) ]:[ NH4Cl (uL)]]) -> 647 | O752: =647 -> 647 | P752: =NMRPrep[[#This Row],[Total (uL) ]]-NMRPrep[[#This Row],[Target (uL)]] -> 0 | R752: =(NMRPrep[[#This Row],[NH4Cl Stock Concentration (mM)]]*NMRPrep[[#This Row],[ NH4Cl (uL)]])/SUM(NMRPrep[[#This Row],[DI (uL) ]:[ NH4Cl (uL)]]) -> 0
A753: =SampleList[[#This Row],[Date Sampled]] -> 0 | B753: {=IF(ISBLANK(INDEX(SampleList[NMR],ROW()-1)),"Not Requested",INDEX(SampleList[Experiment ID],ROW()-1))} -> Not Requested | C753: =SampleList[[#This Row],[Duration (Days)]] -> 0 | D753: =SampleList[[#This Row],[Sample Description]] -> 0 | E753: 10 | F753: 100 | G753: 24 | H753: 50 | I753: 30 | J753: 375 | K753: 68 | N753: =SUM(NMRPrep[[#This Row],[d-DMSO (uL) ]:[ NH4Cl (uL)]]) -> 647 | O753: =647 -> 647 | P753: =NMRPrep[[#This Row],[Total (uL) ]]-NMRPrep[[#This Row],[Target (uL)]] -> 0 | R753: =(NMRPrep[[#This Row],[NH4Cl Stock Concentration (mM)]]*NMRPrep[[#This Row],[ NH4Cl (uL)]])/SUM(NMRPrep[[#This Row],[DI (uL) ]:[ NH4Cl (uL)]]) -> 0
A754: =SampleList[[#This Row],[Date Sampled]] -> 0 | B754: {=IF(ISBLANK(INDEX(SampleList[NMR],ROW()-1)),"Not Requested",INDEX(SampleList[Experiment ID],ROW()-1))} -> Not Requested | C754: =SampleList[[#This Row],[Duration (Days)]] -> 0 | D754: =SampleList[[#This Row],[Sample Description]] -> 0 | E754: 11 | F754: 100 | G754: 24 | H754: 50 | I754: 30 | J754: 293 | L754: 150 | M754: 1 | N754: =SUM(NMRPrep[[#This Row],[d-DMSO (uL) ]:[ NH4Cl (uL)]]) -> 647 | O754: =647 -> 647 | P754: =NMRPrep[[#This Row],[Total (uL) ]]-NMRPrep[[#This Row],[Target (uL)]] -> 0 | R754: =(NMRPrep[[#This Row],[NH4Cl Stock Concentration (mM)]]*NMRPrep[[#This Row],[ NH4Cl (uL)]])/SUM(NMRPrep[[#This Row],[DI (uL) ]:[ NH4Cl (uL)]]) -> 0.33860045
A755: =SampleList[[#This Row],[Date Sampled]] -> 0 | B755: {=IF(ISBLANK(INDEX(SampleList[NMR],ROW()-1)),"Not Requested",INDEX(SampleList[Experiment ID],ROW()-1))} -> Not Requested | C755: =SampleList[[#This Row],[Duration (Days)]] -> 0 | D755: =SampleList[[#This Row],[Sample Description]] -> 0 | E755: 12 | F755: 100 | G755: 24 | H755: 50 | I755: 30 | J755: 375 | K755: 68 | N755: =SUM(NMRPrep[[#This Row],[d-DMSO (uL) ]:[ NH4Cl (uL)]]) -> 647 | O755: =647 -> 647 | P755: =NMRPrep[[#This Row],[Total (uL) ]]-NMRPrep[[#This Row],[Target (uL)]] -> 0 | R755: =(NMRPrep[[#This Row],[NH4Cl Stock Concentration (mM)]]*NMRPrep[[#This Row],[ NH4Cl (uL)]])/SUM(NMRPrep[[#This Row],[DI (uL) ]:[ NH4Cl (uL)]]) -> 0
A756: =SampleList[[#This Row],[Date Sampled]] -> 0 | B756: {=IF(ISBLANK(INDEX(SampleList[NMR],ROW()-1)),"Not Requested",INDEX(SampleList[Experiment ID],ROW()-1))} -> Not Requested | C756: =SampleList[[#This Row],[Duration (Days)]] -> 0 | D756: =SampleList[[#This Row],[Sample Description]] -> 0 | N756: =SUM(NMRPrep[[#This Row],[d-DMSO (uL) ]:[ NH4Cl (uL)]]) -> 0 | O756: =647 -> 647 | P756: =NMRPrep[[#This Row],[Total (uL) ]]-NMRPrep[[#This Row],[Target (uL)]] -> -647 | R756: =(NMRPrep[[#This Row],[NH4Cl Stock Concentration (mM)]]*NMRPrep[[#This Row],[ NH4Cl (uL)]])/SUM(NMRPrep[[#This Row],[DI (uL) ]:[ NH4Cl (uL)]]) -> #DIV/0!
A757: =SampleList[[#This Row],[Date Sampled]] -> 0 | B757: {=IF(ISBLANK(INDEX(SampleList[NMR],ROW()-1)),"Not Requested",INDEX(SampleList[Experiment ID],ROW()-1))} -> Not Requested | C757: =SampleList[[#This Row],[Duration (Days)]] -> 0 | D757: =SampleList[[#This Row],[Sample Description]] -> 0 | N757: =SUM(NMRPrep[[#This Row],[d-DMSO (uL) ]:[ NH4Cl (uL)]]) -> 0 | O757: =647 -> 647 | P757: =NMRPrep[[#This Row],[Total (uL) ]]-NMRPrep[[#This Row],[Target (uL)]] -> -647 | R757: =(NMRPrep[[#This Row],[NH4Cl Stock Concentration (mM)]]*NMRPrep[[#This Row],[ NH4Cl (uL)]])/SUM(NMRPrep[[#This Row],[DI (uL) ]:[ NH4Cl (uL)]]) -> #DIV/0!
A758: =SampleList[[#This Row],[Date Sampled]] -> 0 | B758: {=IF(ISBLANK(INDEX(SampleList[NMR],ROW()-1)),"Not Requested",INDEX(SampleList[Experiment ID],ROW()-1))} -> Not Requested | C758: =SampleList[[#This Row],[Duration (Days)]] -> 0 | D758: =SampleList[[#This Row],[Sample Description]] -> 0 | N758: =SUM(NMRPrep[[#This Row],[d-DMSO (uL) ]:[ NH4Cl (uL)]]) -> 0 | O758: =647 -> 647 | P758: =NMRPrep[[#This Row],[Total (uL) ]]-NMRPrep[[#This Row],[Target (uL)]] -> -647 | R758: =(NMRPrep[[#This Row],[NH4Cl Stock Concentration (mM)]]*NMRPrep[[#This Row],[ NH4Cl (uL)]])/SUM(NMRPrep[[#This Row],[DI (uL) ]:[ NH4Cl (uL)]]) -> #DIV/0!
A759: =SampleList[[#This Row],[Date Sampled]] -> 0 | B759: {=IF(ISBLANK(INDEX(SampleList[NMR],ROW()-1)),"Not Requested",INDEX(SampleList[Experiment ID],ROW()-1))} -> Not Requested | C759: =SampleList[[#This Row],[Duration (Days)]] -> 0 | D759: =SampleList[[#This Row],[Sample Description]] -> 0 | N759: =SUM(NMRPrep[[#This Row],[d-DMSO (uL) ]:[ NH4Cl (uL)]]) -> 0 | O759: =647 -> 647 | P759: =NMRPrep[[#This Row],[Total (uL) ]]-NMRPrep[[#This Row],[Target (uL)]] -> -647 | R759: =(NMRPrep[[#This Row],[NH4Cl Stock Concentration (mM)]]*NMRPrep[[#This Row],[ NH4Cl (uL)]])/SUM(NMRPrep[[#This Row],[DI (uL) ]:[ NH4Cl (uL)]]) -> #DIV/0!
A760: =SampleList[[#This Row],[Date Sampled]] -> 0 | B760: {=IF(ISBLANK(INDEX(SampleList[NMR],ROW()-1)),"Not Requested",INDEX(SampleList[Experiment ID],ROW()-1))} -> Not Requested | C760: =SampleList[[#This Row],[Duration (Days)]] -> 0 | D760: =SampleList[[#This Row],[Sample Description]] -> 0 | N760: =SUM(NMRPrep[[#This Row],[d-DMSO (uL) ]:[ NH4Cl (uL)]]) -> 0 | O760: =647 -> 647 | P760: =NMRPrep[[#This Row],[Total (uL) ]]-NMRPrep[[#This Row],[Target (uL)]] -> -647 | R760: =(NMRPrep[[#This Row],[NH4Cl Stock Concentration (mM)]]*NMRPrep[[#This Row],[ NH4Cl (uL)]])/SUM(NMRPrep[[#This Row],[DI (uL) ]:[ NH4Cl (uL)]]) -> #DIV/0!
A761: =SampleList[[#This Row],[Date Sampled]] -> 0 | B761: {=IF(ISBLANK(INDEX(SampleList[NMR],ROW()-1)),"Not Requested",INDEX(SampleList[Experiment ID],ROW()-1))} -> Not Requested | C761: =SampleList[[#This Row],[Duration (Days)]] -> 0 | D761: =SampleList[[#This Row],[Sample Description]] -> 0 | N761: =SUM(NMRPrep[[#This Row],[d-DMSO (uL) ]:[ NH4Cl (uL)]]) -> 0 | O761: =647 -> 647 | P761: =NMRPrep[[#This Row],[Total (uL) ]]-NMRPrep[[#This Row],[Target (uL)]] -> -647 | R761: =(NMRPrep[[#This Row],[NH4Cl Stock Concentration (mM)]]*NMRPrep[[#This Row],[ NH4Cl (uL)]])/SUM(NMRPrep[[#This Row],[DI (uL) ]:[ NH4Cl (uL)]]) -> #DIV/0!
A762: =SampleList[[#This Row],[Date Sampled]] -> 0 | B762: {=IF(ISBLANK(INDEX(SampleList[NMR],ROW()-1)),"Not Requested",INDEX(SampleList[Experiment ID],ROW()-1))} -> Not Requested | C762: =SampleList[[#This Row],[Duration (Days)]] -> 0 | D762: =SampleList[[#This Row],[Sample Description]] -> 0 | N762: =SUM(NMRPrep[[#This Row],[d-DMSO (uL) ]:[ NH4Cl (uL)]]) -> 0 | O762: =647 -> 647 | P762: =NMRPrep[[#This Row],[Total (uL) ]]-NMRPrep[[#This Row],[Target (uL)]] -> -647 | R762: =(NMRPrep[[#This Row],[NH4Cl Stock Concentration (mM)]]*NMRPrep[[#This Row],[ NH4Cl (uL)]])/SUM(NMRPrep[[#This Row],[DI (uL) ]:[ NH4Cl (uL)]]) -> #DIV/0!
A763: =SampleList[[#This Row],[Date Sampled]] -> 0 | B763: {=IF(ISBLANK(INDEX(SampleList[NMR],ROW()-1)),"Not Requested",INDEX(SampleList[Experiment ID],ROW()-1))} -> Not Requested | C763: =SampleList[[#This Row],[Duration (Days)]] -> 0 | D763: =SampleList[[#This Row],[Sample Description]] -> 0 | N763: =SUM(NMRPrep[[#This Row],[d-DMSO (uL) ]:[ NH4Cl (uL)]]) -> 0 | O763: =647 -> 647 | P763: =NMRPrep[[#This Row],[Total (uL) ]]-NMRPrep[[#This Row],[Target (uL)]] -> -647 | R763: =(NMRPrep[[#This Row],[NH4Cl Stock Concentration (mM)]]*NMRPrep[[#This Row],[ NH4Cl (uL)]])/SUM(NMRPrep[[#This Row],[DI (uL) ]:[ NH4Cl (uL)]]) -> #DIV/0!
A764: =SampleList[[#This Row],[Date Sampled]] -> 0 | B764: {=IF(ISBLANK(INDEX(SampleList[NMR],ROW()-1)),"Not Requested",INDEX(SampleList[Experiment ID],ROW()-1))} -> Not Requested | C764: =SampleList[[#This Row],[Duration (Days)]] -> 0 | D764: =SampleList[[#This Row],[Sample Description]] -> 0 | N764: =SUM(NMRPrep[[#This Row],[d-DMSO (uL) ]:[ NH4Cl (uL)]]) -> 0 | O764: =647 -> 647 | P764: =NMRPrep[[#This Row],[Total (uL) ]]-NMRPrep[[#This Row],[Target (uL)]] -> -647 | R764: =(NMRPrep[[#This Row],[NH4Cl Stock Concentration (mM)]]*NMRPrep[[#This Row],[ NH4Cl (uL)]])/SUM(NMRPrep[[#This Row],[DI (uL) ]:[ NH4Cl (uL)]]) -> #DIV/0!
A765: =SampleList[[#This Row],[Date Sampled]] -> 0 | B765: {=IF(ISBLANK(INDEX(SampleList[NMR],ROW()-1)),"Not Requested",INDEX(SampleList[Experiment ID],ROW()-1))} -> Not Requested | C765: =SampleList[[#This Row],[Duration (Days)]] -> 0 | D765: =SampleList[[#This Row],[Sample Description]] -> 0 | N765: =SUM(NMRPrep[[#This Row],[d-DMSO (uL) ]:[ NH4Cl (uL)]]) -> 0 | O765: =647 -> 647 | P765: =NMRPrep[[#This Row],[Total (uL) ]]-NMRPrep[[#This Row],[Target (uL)]] -> -647 | R765: =(NMRPrep[[#This Row],[NH4Cl Stock Concentration (mM)]]*NMRPrep[[#This Row],[ NH4Cl (uL)]])/SUM(NMRPrep[[#This Row],[DI (uL) ]:[ NH4Cl (uL)]]) -> #DIV/0!
A766: =SampleList[[#This Row],[Date Sampled]] -> 0 | B766: {=IF(ISBLANK(INDEX(SampleList[NMR],ROW()-1)),"Not Requested",INDEX(SampleList[Experiment ID],ROW()-1))} -> Not Requested | C766: =SampleList[[#This Row],[Duration (Days)]] -> 0 | D766: =SampleList[[#This Row],[Sample Description]] -> 0 | N766: =SUM(NMRPrep[[#This Row],[d-DMSO (uL) ]:[ NH4Cl (uL)]]) -> 0 | O766: =647 -> 647 | P766: =NMRPrep[[#This Row],[Total (uL) ]]-NMRPrep[[#This Row],[Target (uL)]] -> -647 | R766: =(NMRPrep[[#This Row],[NH4Cl Stock Concentration (mM)]]*NMRPrep[[#This Row],[ NH4Cl (uL)]])/SUM(NMRPrep[[#This Row],[DI (uL) ]:[ NH4Cl (uL)]]) -> #DIV/0!
A767: =SampleList[[#This Row],[Date Sampled]] -> 0 | B767: {=IF(ISBLANK(INDEX(SampleList[NMR],ROW()-1)),"Not Requested",INDEX(SampleList[Experiment ID],ROW()-1))} -> Not Requested | C767: =SampleList[[#This Row],[Duration (Days)]] -> 0 | D767: =SampleList[[#This Row],[Sample Description]] -> 0 | N767: =SUM(NMRPrep[[#This Row],[d-DMSO (uL) ]:[ NH4Cl (uL)]]) -> 0 | O767: =647 -> 647 | P767: =NMRPrep[[#This Row],[Total (uL) ]]-NMRPrep[[#This Row],[Target (uL)]] -> -647 | R767: =(NMRPrep[[#This Row],[NH4Cl Stock Concentration (mM)]]*NMRPrep[[#This Row],[ NH4Cl (uL)]])/SUM(NMRPrep[[#This Row],[DI (uL) ]:[ NH4Cl (uL)]]) -> #DIV/0!
... A858: =SampleList[[#This Row],[Date Sampled]] -> 0 | B858: {=IF(ISBLANK(INDEX(SampleList[NMR],ROW()-1)),"Not Requested",INDEX(SampleList[Experiment ID],ROW()-1))} -> Not Requested | C858: =SampleList[[#This Row],[Duration (Days)]] -> 0 | D858: =SampleList[[#This Row],[Sample Description]] -> 0 | N858: =SUM(NMRPrep[[#This Row],[d-DMSO (uL) ]:[ NH4Cl (uL)]]) -> 0 | O858: =647 -> 647 | P858: =NMRPrep[[#This Row],[Total (uL) ]]-NMRPrep[[#This Row],[Target (uL)]] -> -647 | R858: =(NMRPrep[[#This Row],[NH4Cl Stock Concentration (mM)]]*NMRPrep[[#This Row],[ NH4Cl (uL)]])/SUM(NMRPrep[[#This Row],[DI (uL) ]:[ NH4Cl (uL)]]) -> #DIV/0!
A859: =SampleList[[#This Row],[Date Sampled]] -> 0 | B859: {=IF(ISBLANK(INDEX(SampleList[NMR],ROW()-1)),"Not Requested",INDEX(SampleList[Experiment ID],ROW()-1))} -> Not Requested | C859: =SampleList[[#This Row],[Duration (Days)]] -> 0 | D859: =SampleList[[#This Row],[Sample Description]] -> 0 | E859: 1 | F859: 100 | G859: 24 | H859: 50 | I859: 30 | J859: 375 | K859: 68 | N859: =SUM(NMRPrep[[#This Row],[d-DMSO (uL) ]:[ NH4Cl (uL)]]) -> 647 | O859: =647 -> 647 | P859: =NMRPrep[[#This Row],[Total (uL) ]]-NMRPrep[[#This Row],[Target (uL)]] -> 0 | R859: =(NMRPrep[[#This Row],[NH4Cl Stock Concentration (mM)]]*NMRPrep[[#This Row],[ NH4Cl (uL)]])/SUM(NMRPrep[[#This Row],[DI (uL) ]:[ NH4Cl (uL)]]) -> 0
A860: =SampleList[[#This Row],[Date Sampled]] -> 0 | B860: {=IF(ISBLANK(INDEX(SampleList[NMR],ROW()-1)),"Not Requested",INDEX(SampleList[Experiment ID],ROW()-1))} -> Not Requested | C860: =SampleList[[#This Row],[Duration (Days)]] -> 0 | D860: =SampleList[[#This Row],[Sample Description]] -> 0 | E860: 2 | F860: 100 | G860: 24 | H860: 50 | I860: 30 | J860: 375 | K860: 68 | N860: =SUM(NMRPrep[[#This Row],[d-DMSO (uL) ]:[ NH4Cl (uL)]]) -> 647 | O860: =647 -> 647 | P860: =NMRPrep[[#This Row],[Total (uL) ]]-NMRPrep[[#This Row],[Target (uL)]] -> 0 | R860: =(NMRPrep[[#This Row],[NH4Cl Stock Concentration (mM)]]*NMRPrep[[#This Row],[ NH4Cl (uL)]])/SUM(NMRPrep[[#This Row],[DI (uL) ]:[ NH4Cl (uL)]]) -> 0
A861: =SampleList[[#This Row],[Date Sampled]] -> 0 | B861: {=IF(ISBLANK(INDEX(SampleList[NMR],ROW()-1)),"Not Requested",INDEX(SampleList[Experiment ID],ROW()-1))} -> Not Requested | C861: =SampleList[[#This Row],[Duration (Days)]] -> 0 | D861: =SampleList[[#This Row],[Sample Description]] -> 0 | E861: 3 | F861: 100 | G861: 24 | H861: 50 | I861: 30 | J861: 375 | K861: 68 | N861: =SUM(NMRPrep[[#This Row],[d-DMSO (uL) ]:[ NH4Cl (uL)]]) -> 647 | O861: =647 -> 647 | P861: =NMRPrep[[#This Row],[Total (uL) ]]-NMRPrep[[#This Row],[Target (uL)]] -> 0 | R861: =(NMRPrep[[#This Row],[NH4Cl Stock Concentration (mM)]]*NMRPrep[[#This Row],[ NH4Cl (uL)]])/SUM(NMRPrep[[#This Row],[DI (uL) ]:[ NH4Cl (uL)]]) -> 0
A862: =SampleList[[#This Row],[Date Sampled]] -> 0 | B862: {=IF(ISBLANK(INDEX(SampleList[NMR],ROW()-1)),"Not Requested",INDEX(SampleList[Experiment ID],ROW()-1))} -> Not Requested | C862: =SampleList[[#This Row],[Duration (Days)]] -> 0 | D862: =SampleList[[#This Row],[Sample Description]] -> 0 | E862: 4 | F862: 100 | G862: 24 | H862: 50 | I862: 30 | J862: 375 | K862: 68 | N862: =SUM(NMRPrep[[#This Row],[d-DMSO (uL) ]:[ NH4Cl (uL)]]) -> 647 | O862: =647 -> 647 | P862: =NMRPrep[[#This Row],[Total (uL) ]]-NMRPrep[[#This Row],[Target (uL)]] -> 0 | R862: =(NMRPrep[[#This Row],[NH4Cl Stock Concentration (mM)]]*NMRPrep[[#This Row],[ NH4Cl (uL)]])/SUM(NMRPrep[[#This Row],[DI (uL) ]:[ NH4Cl (uL)]]) -> 0
A863: =SampleList[[#This Row],[Date Sampled]] -> 0 | B863: {=IF(ISBLANK(INDEX(SampleList[NMR],ROW()-1)),"Not Requested",INDEX(SampleList[Experiment ID],ROW()-1))} -> Not Requested | C863: =SampleList[[#This Row],[Duration (Days)]] -> 0 | D863: =SampleList[[#This Row],[Sample Description]] -> 0 | E863: 6 | F863: 100 | G863: 24 | H863: 50 | I863: 30 | J863: 375 | K863: 68 | N863: =SUM(NMRPrep[[#This Row],[d-DMSO (uL) ]:[ NH4Cl (uL)]]) -> 647 | O863: =647 -> 647 | P863: =NMRPrep[[#This Row],[Total (uL) ]]-NMRPrep[[#This Row],[Target (uL)]] -> 0 | R863: =(NMRPrep[[#This Row],[NH4Cl Stock Concentration (mM)]]*NMRPrep[[#This Row],[ NH4Cl (uL)]])/SUM(NMRPrep[[#This Row],[DI (uL) ]:[ NH4Cl (uL)]]) -> 0
A864: =SampleList[[#This Row],[Date Sampled]] -> 0 | B864: {=IF(ISBLANK(INDEX(SampleList[NMR],ROW()-1)),"Not Requested",INDEX(SampleList[Experiment ID],ROW()-1))} -> Not Requested | C864: =SampleList[[#This Row],[Duration (Days)]] -> 0 | D864: =SampleList[[#This Row],[Sample Description]] -> 0 | E864: 5 | F864: 100 | G864: 24 | H864: 50 | I864: 30 | J864: 375 | K864: 68 | N864: =SUM(NMRPrep[[#This Row],[d-DMSO (uL) ]:[ NH4Cl (uL)]]) -> 647 | O864: =647 -> 647 | P864: =NMRPrep[[#This Row],[Total (uL) ]]-NMRPrep[[#This Row],[Target (uL)]] -> 0 | R864: =(NMRPrep[[#This Row],[NH4Cl Stock Concentration (mM)]]*NMRPrep[[#This Row],[ NH4Cl (uL)]])/SUM(NMRPrep[[#This Row],[DI (uL) ]:[ NH4Cl (uL)]]) -> 0
A865: =SampleList[[#This Row],[Date Sampled]] -> 0 | B865: {=IF(ISBLANK(INDEX(SampleList[NMR],ROW()-1)),"Not Requested",INDEX(SampleList[Experiment ID],ROW()-1))} -> Not Requested | C865: =SampleList[[#This Row],[Duration (Days)]] -> 0 | D865: =SampleList[[#This Row],[Sample Description]] -> 0 | E865: 7 | F865: 100 | G865: 24 | H865: 50 | I865: 30 | J865: 375 | K865: 68 | N865: =SUM(NMRPrep[[#This Row],[d-DMSO (uL) ]:[ NH4Cl (uL)]]) -> 647 | O865: =647 -> 647 | P865: =NMRPrep[[#This Row],[Total (uL) ]]-NMRPrep[[#This Row],[Target (uL)]] -> 0 | R865: =(NMRPrep[[#This Row],[NH4Cl Stock Concentration (mM)]]*NMRPrep[[#This Row],[ NH4Cl (uL)]])/SUM(NMRPrep[[#This Row],[DI (uL) ]:[ NH4Cl (uL)]]) -> 0
A866: =SampleList[[#This Row],[Date Sampled]] -> 0 | B866: {=IF(ISBLANK(INDEX(SampleList[NMR],ROW()-1)),"Not Requested",INDEX(SampleList[Experiment ID],ROW()-1))} -> Not Requested | C866: =SampleList[[#This Row],[Duration (Days)]] -> 0 | D866: =SampleList[[#This Row],[Sample Description]] -> 0 | E866: 8 | F866: 100 | G866: 24 | H866: 50 | I866: 30 | J866: 375 | K866: 68 | N866: =SUM(NMRPrep[[#This Row],[d-DMSO (uL) ]:[ NH4Cl (uL)]]) -> 647 | O866: =647 -> 647 | P866: =NMRPrep[[#This Row],[Total (uL) ]]-NMRPrep[[#This Row],[Target (uL)]] -> 0 | R866: =(NMRPrep[[#This Row],[NH4Cl Stock Concentration (mM)]]*NMRPrep[[#This Row],[ NH4Cl (uL)]])/SUM(NMRPrep[[#This Row],[DI (uL) ]:[ NH4Cl (uL)]]) -> 0
A867: =SampleList[[#This Row],[Date Sampled]] -> 0 | B867: {=IF(ISBLANK(INDEX(SampleList[NMR],ROW()-1)),"Not Requested",INDEX(SampleList[Experiment ID],ROW()-1))} -> Not Requested | C867: =SampleList[[#This Row],[Duration (Days)]] -> 0 | D867: =SampleList[[#This Row],[Sample Description]] -> 0 | E867: 9 | F867: 100 | G867: 24 | H867: 50 | I867: 30 | J867: 375 | K867: 68 | N867: =SUM(NMRPrep[[#This Row],[d-DMSO (uL) ]:[ NH4Cl (uL)]]) -> 647 | O867: =647 -> 647 | P867: =NMRPrep[[#This Row],[Total (uL) ]]-NMRPrep[[#This Row],[Target (uL)]] -> 0 | R867: =(NMRPrep[[#This Row],[NH4Cl Stock Concentration (mM)]]*NMRPrep[[#This Row],[ NH4Cl (uL)]])/SUM(NMRPrep[[#This Row],[DI (uL) ]:[ NH4Cl (uL)]]) -> 0
A868: =SampleList[[#This Row],[Date Sampled]] -> 0 | B868: {=IF(ISBLANK(INDEX(SampleList[NMR],ROW()-1)),"Not Requested",INDEX(SampleList[Experiment ID],ROW()-1))} -> Not Requested | C868: =SampleList[[#This Row],[Duration (Days)]] -> 0 | D868: =SampleList[[#This Row],[Sample Description]] -> 0 | E868: 10 | F868: 100 | G868: 24 | H868: 50 | I868: 30 | J868: 375 | K868: 68 | N868: =SUM(NMRPrep[[#This Row],[d-DMSO (uL) ]:[ NH4Cl (uL)]]) -> 647 | O868: =647 -> 647 | P868: =NMRPrep[[#This Row],[Total (uL) ]]-NMRPrep[[#This Row],[Target (uL)]] -> 0 | R868: =(NMRPrep[[#This Row],[NH4Cl Stock Concentration (mM)]]*NMRPrep[[#This Row],[ NH4Cl (uL)]])/SUM(NMRPrep[[#This Row],[DI (uL) ]:[ NH4Cl (uL)]]) -> 0
A869: =SampleList[[#This Row],[Date Sampled]] -> 0 | B869: {=IF(ISBLANK(INDEX(SampleList[NMR],ROW()-1)),"Not Requested",INDEX(SampleList[Experiment ID],ROW()-1))} -> Not Requested | C869: =SampleList[[#This Row],[Duration (Days)]] -> 0 | D869: =SampleList[[#This Row],[Sample Description]] -> 0 | E869: 11 | F869: 100 | G869: 24 | H869: 50 | I869: 30 | K869: 293 | L869: 150 | M869: 1 | N869: =SUM(NMRPrep[[#This Row],[d-DMSO (uL) ]:[ NH4Cl (uL)]]) -> 647 | O869: =647 -> 647 | P869: =NMRPrep[[#This Row],[Total (uL) ]]-NMRPrep[[#This Row],[Target (uL)]] -> 0 | R869: =(NMRPrep[[#This Row],[NH4Cl Stock Concentration (mM)]]*NMRPrep[[#This Row],[ NH4Cl (uL)]])/SUM(NMRPrep[[#This Row],[DI (uL) ]:[ NH4Cl (uL)]]) -> 0.33860045
A870: =SampleList[[#This Row],[Date Sampled]] -> 0 | B870: {=IF(ISBLANK(INDEX(SampleList[NMR],ROW()-1)),"Not Requested",INDEX(SampleList[Experiment ID],ROW()-1))} -> Not Requested | C870: =SampleList[[#This Row],[Duration (Days)]] -> 0 | D870: =SampleList[[#This Row],[Sample Description]] -> 0 | E870: 12 | F870: 100 | G870: 24 | H870: 50 | I870: 30 | J870: 375 | K870: 68 | N870: =SUM(NMRPrep[[#This Row],[d-DMSO (uL) ]:[ NH4Cl (uL)]]) -> 647 | O870: =647 -> 647 | P870: =NMRPrep[[#This Row],[Total (uL) ]]-NMRPrep[[#This Row],[Target (uL)]] -> 0 | R870: =(NMRPrep[[#This Row],[NH4Cl Stock Concentration (mM)]]*NMRPrep[[#This Row],[ NH4Cl (uL)]])/SUM(NMRPrep[[#This Row],[DI (uL) ]:[ NH4Cl (uL)]]) -> 0
A871: =SampleList[[#This Row],[Date Sampled]] -> 0 | B871: {=IF(ISBLANK(INDEX(SampleList[NMR],ROW()-1)),"Not Requested",INDEX(SampleList[Experiment ID],ROW()-1))} -> Not Requested | C871: =SampleList[[#This Row],[Duration (Days)]] -> 0 | D871: =SampleList[[#This Row],[Sample Description]] -> 0 | N871: =SUM(NMRPrep[[#This Row],[d-DMSO (uL) ]:[ NH4Cl (uL)]]) -> 0 | O871: =647 -> 647 | P871: =NMRPrep[[#This Row],[Total (uL) ]]-NMRPrep[[#This Row],[Target (uL)]] -> -647 | R871: =(NMRPrep[[#This Row],[NH4Cl Stock Concentration (mM)]]*NMRPrep[[#This Row],[ NH4Cl (uL)]])/SUM(NMRPrep[[#This Row],[DI (uL) ]:[ NH4Cl (uL)]]) -> #DIV/0!
A872: =SampleList[[#This Row],[Date Sampled]] -> 0 | B872: {=IF(ISBLANK(INDEX(SampleList[NMR],ROW()-1)),"Not Requested",INDEX(SampleList[Experiment ID],ROW()-1))} -> Not Requested | C872: =SampleList[[#This Row],[Duration (Days)]] -> 0 | D872: =SampleList[[#This Row],[Sample Description]] -> 0 | N872: =SUM(NMRPrep[[#This Row],[d-DMSO (uL) ]:[ NH4Cl (uL)]]) -> 0 | O872: =647 -> 647 | P872: =NMRPrep[[#This Row],[Total (uL) ]]-NMRPrep[[#This Row],[Target (uL)]] -> -647 | R872: =(NMRPrep[[#This Row],[NH4Cl Stock Concentration (mM)]]*NMRPrep[[#This Row],[ NH4Cl (uL)]])/SUM(NMRPrep[[#This Row],[DI (uL) ]:[ NH4Cl (uL)]]) -> #DIV/0!
A873: =SampleList[[#This Row],[Date Sampled]] -> 0 | B873: {=IF(ISBLANK(INDEX(SampleList[NMR],ROW()-1)),"Not Requested",INDEX(SampleList[Experiment ID],ROW()-1))} -> Not Requested | C873: =SampleList[[#This Row],[Duration (Days)]] -> 0 | D873: =SampleList[[#This Row],[Sample Description]] -> 0 | N873: =SUM(NMRPrep[[#This Row],[d-DMSO (uL) ]:[ NH4Cl (uL)]]) -> 0 | O873: =647 -> 647 | P873: =NMRPrep[[#This Row],[Total (uL) ]]-NMRPrep[[#This Row],[Target (uL)]] -> -647 | R873: =(NMRPrep[[#This Row],[NH4Cl Stock Concentration (mM)]]*NMRPrep[[#This Row],[ NH4Cl (uL)]])/SUM(NMRPrep[[#This Row],[DI (uL) ]:[ NH4Cl (uL)]]) -> #DIV/0!
A874: =SampleList[[#This Row],[Date Sampled]] -> 0 | B874: {=IF(ISBLANK(INDEX(SampleList[NMR],ROW()-1)),"Not Requested",INDEX(SampleList[Experiment ID],ROW()-1))} -> Not Requested | C874: =SampleList[[#This Row],[Duration (Days)]] -> 0 | D874: =SampleList[[#This Row],[Sample Description]] -> 0 | N874: =SUM(NMRPrep[[#This Row],[d-DMSO (uL) ]:[ NH4Cl (uL)]]) -> 0 | O874: =647 -> 647 | P874: =NMRPrep[[#This Row],[Total (uL) ]]-NMRPrep[[#This Row],[Target (uL)]] -> -647 | R874: =(NMRPrep[[#This Row],[NH4Cl Stock Concentration (mM)]]*NMRPrep[[#This Row],[ NH4Cl (uL)]])/SUM(NMRPrep[[#This Row],[DI (uL) ]:[ NH4Cl (uL)]]) -> #DIV/0!
A875: =SampleList[[#This Row],[Date Sampled]] -> 0 | B875: {=IF(ISBLANK(INDEX(SampleList[NMR],ROW()-1)),"Not Requested",INDEX(SampleList[Experiment ID],ROW()-1))} -> Not Requested | C875: =SampleList[[#This Row],[Duration (Days)]] -> 0 | D875: =SampleList[[#This Row],[Sample Description]] -> 0 | N875: =SUM(NMRPrep[[#This Row],[d-DMSO (uL) ]:[ NH4Cl (uL)]]) -> 0 | O875: =647 -> 647 | P875: =NMRPrep[[#This Row],[Total (uL) ]]-NMRPrep[[#This Row],[Target (uL)]] -> -647 | R875: =(NMRPrep[[#This Row],[NH4Cl Stock Concentration (mM)]]*NMRPrep[[#This Row],[ NH4Cl (uL)]])/SUM(NMRPrep[[#This Row],[DI (uL) ]:[ NH4Cl (uL)]]) -> #DIV/0!
A876: =SampleList[[#This Row],[Date Sampled]] -> 0 | B876: {=IF(ISBLANK(INDEX(SampleList[NMR],ROW()-1)),"Not Requested",INDEX(SampleList[Experiment ID],ROW()-1))} -> Not Requested | C876: =SampleList[[#This Row],[Duration (Days)]] -> 0 | D876: =SampleList[[#This Row],[Sample Description]] -> 0 | N876: =SUM(NMRPrep[[#This Row],[d-DMSO (uL) ]:[ NH4Cl (uL)]]) -> 0 | O876: =647 -> 647 | P876: =NMRPrep[[#This Row],[Total (uL) ]]-NMRPrep[[#This Row],[Target (uL)]] -> -647 | R876: =(NMRPrep[[#This Row],[NH4Cl Stock Concentration (mM)]]*NMRPrep[[#This Row],[ NH4Cl (uL)]])/SUM(NMRPrep[[#This Row],[DI (uL) ]:[ NH4Cl (uL)]]) -> #DIV/0!
A877: =SampleList[[#This Row],[Date Sampled]] -> 0 | B877: {=IF(ISBLANK(INDEX(SampleList[NMR],ROW()-1)),"Not Requested",INDEX(SampleList[Experiment ID],ROW()-1))} -> Not Requested | C877: =SampleList[[#This Row],[Duration (Days)]] -> 0 | D877: =SampleList[[#This Row],[Sample Description]] -> 0 | N877: =SUM(NMRPrep[[#This Row],[d-DMSO (uL) ]:[ NH4Cl (uL)]]) -> 0 | O877: =647 -> 647 | P877: =NMRPrep[[#This Row],[Total (uL) ]]-NMRPrep[[#This Row],[Target (uL)]] -> -647 | R877: =(NMRPrep[[#This Row],[NH4Cl Stock Concentration (mM)]]*NMRPrep[[#This Row],[ NH4Cl (uL)]])/SUM(NMRPrep[[#This Row],[DI (uL) ]:[ NH4Cl (uL)]]) -> #DIV/0!
A878: =SampleList[[#This Row],[Date Sampled]] -> 0 | B878: {=IF(ISBLANK(INDEX(SampleList[NMR],ROW()-1)),"Not Requested",INDEX(SampleList[Experiment ID],ROW()-1))} -> Not Requested | C878: =SampleList[[#This Row],[Duration (Days)]] -> 0 | D878: =SampleList[[#This Row],[Sample Description]] -> 0 | N878: =SUM(NMRPrep[[#This Row],[d-DMSO (uL) ]:[ NH4Cl (uL)]]) -> 0 | O878: =647 -> 647 | P878: =NMRPrep[[#This Row],[Total (uL) ]]-NMRPrep[[#This Row],[Target (uL)]] -> -647 | R878: =(NMRPrep[[#This Row],[NH4Cl Stock Concentration (mM)]]*NMRPrep[[#This Row],[ NH4Cl (uL)]])/SUM(NMRPrep[[#This Row],[DI (uL) ]:[ NH4Cl (uL)]]) -> #DIV/0!
A879: =SampleList[[#This Row],[Date Sampled]] -> 0 | B879: {=IF(ISBLANK(INDEX(SampleList[NMR],ROW()-1)),"Not Requested",INDEX(SampleList[Experiment ID],ROW()-1))} -> Not Requested | C879: =SampleList[[#This Row],[Duration (Days)]] -> 0 | D879: =SampleList[[#This Row],[Sample Description]] -> 0 | N879: =SUM(NMRPrep[[#This Row],[d-DMSO (uL) ]:[ NH4Cl (uL)]]) -> 0 | O879: =647 -> 647 | P879: =NMRPrep[[#This Row],[Total (uL) ]]-NMRPrep[[#This Row],[Target (uL)]] -> -647 | R879: =(NMRPrep[[#This Row],[NH4Cl Stock Concentration (mM)]]*NMRPrep[[#This Row],[ NH4Cl (uL)]])/SUM(NMRPrep[[#This Row],[DI (uL) ]:[ NH4Cl (uL)]]) -> #DIV/0!
A880: =SampleList[[#This Row],[Date Sampled]] -> 0 | B880: {=IF(ISBLANK(INDEX(SampleList[NMR],ROW()-1)),"Not Requested",INDEX(SampleList[Experiment ID],ROW()-1))} -> Not Requested | C880: =SampleList[[#This Row],[Duration (Days)]] -> 0 | D880: =SampleList[[#This Row],[Sample Description]] -> 0 | N880: =SUM(NMRPrep[[#This Row],[d-DMSO (uL) ]:[ NH4Cl (uL)]]) -> 0 | O880: =647 -> 647 | P880: =NMRPrep[[#This Row],[Total (uL) ]]-NMRPrep[[#This Row],[Target (uL)]] -> -647 | R880: =(NMRPrep[[#This Row],[NH4Cl Stock Concentration (mM)]]*NMRPrep[[#This Row],[ NH4Cl (uL)]])/SUM(NMRPrep[[#This Row],[DI (uL) ]:[ NH4Cl (uL)]]) -> #DIV/0!
A881: =SampleList[[#This Row],[Date Sampled]] -> 0 | B881: {=IF(ISBLANK(INDEX(SampleList[NMR],ROW()-1)),"Not Requested",INDEX(SampleList[Experiment ID],ROW()-1))} -> Not Requested | C881: =SampleList[[#This Row],[Duration (Days)]] -> 0 | D881: =SampleList[[#This Row],[Sample Description]] -> 0 | N881: =SUM(NMRPrep[[#This Row],[d-DMSO (uL) ]:[ NH4Cl (uL)]]) -> 0 | O881: =647 -> 647 | P881: =NMRPrep[[#This Row],[Total (uL) ]]-NMRPrep[[#This Row],[Target (uL)]] -> -647 | R881: =(NMRPrep[[#This Row],[NH4Cl Stock Concentration (mM)]]*NMRPrep[[#This Row],[ NH4Cl (uL)]])/SUM(NMRPrep[[#This Row],[DI (uL) ]:[ NH4Cl (uL)]]) -> #DIV/0!
A882: =SampleList[[#This Row],[Date Sampled]] -> 0 | B882: {=IF(ISBLANK(INDEX(SampleList[NMR],ROW()-1)),"Not Requested",INDEX(SampleList[Experiment ID],ROW()-1))} -> Not Requested | C882: =SampleList[[#This Row],[Duration (Days)]] -> 0 | D882: =SampleList[[#This Row],[Sample Description]] -> 0 | N882: =SUM(NMRPrep[[#This Row],[d-DMSO (uL) ]:[ NH4Cl (uL)]]) -> 0 | O882: =647 -> 647 | P882: =NMRPrep[[#This Row],[Total (uL) ]]-NMRPrep[[#This Row],[Target (uL)]] -> -647 | R882: =(NMRPrep[[#This Row],[NH4Cl Stock Concentration (mM)]]*NMRPrep[[#This Row],[ NH4Cl (uL)]])/SUM(NMRPrep[[#This Row],[DI (uL) ]:[ NH4Cl (uL)]]) -> #DIV/0!
... A890: =SampleList[[#This Row],[Date Sampled]] -> 0 | B890: {=IF(ISBLANK(INDEX(SampleList[NMR],ROW()-1)),"Not Requested",INDEX(SampleList[Experiment ID],ROW()-1))} -> Not Requested | C890: =SampleList[[#This Row],[Duration (Days)]] -> 0 | D890: =SampleList[[#This Row],[Sample Description]] -> 0 | N890: =SUM(NMRPrep[[#This Row],[d-DMSO (uL) ]:[ NH4Cl (uL)]]) -> 0 | O890: =647 -> 647 | P890: =NMRPrep[[#This Row],[Total (uL) ]]-NMRPrep[[#This Row],[Target (uL)]] -> -647 | R890: =(NMRPrep[[#This Row],[NH4Cl Stock Concentration (mM)]]*NMRPrep[[#This Row],[ NH4Cl (uL)]])/SUM(NMRPrep[[#This Row],[DI (uL) ]:[ NH4Cl (uL)]]) -> #DIV/0!
A891: =SampleList[[#This Row],[Date Sampled]] -> 0 | B891: {=IF(ISBLANK(INDEX(SampleList[NMR],ROW()-1)),"Not Requested",INDEX(SampleList[Experiment ID],ROW()-1))} -> Not Requested | C891: =SampleList[[#This Row],[Duration (Days)]] -> 0 | D891: =SampleList[[#This Row],[Sample Description]] -> 0 | E891: 6 | N891: =SUM(NMRPrep[[#This Row],[d-DMSO (uL) ]:[ NH4Cl (uL)]]) -> 0 | O891: =647 -> 647 | P891: =NMRPrep[[#This Row],[Total (uL) ]]-NMRPrep[[#This Row],[Target (uL)]] -> -647 | R891: =(NMRPrep[[#This Row],[NH4Cl Stock Concentration (mM)]]*NMRPrep[[#This Row],[ NH4Cl (uL)]])/SUM(NMRPrep[[#This Row],[DI (uL) ]:[ NH4Cl (uL)]]) -> #DIV/0!
A892: =SampleList[[#This Row],[Date Sampled]] -> 0 | B892: {=IF(ISBLANK(INDEX(SampleList[NMR],ROW()-1)),"Not Requested",INDEX(SampleList[Experiment ID],ROW()-1))} -> Not Requested | C892: =SampleList[[#This Row],[Duration (Days)]] -> 0 | D892: =SampleList[[#This Row],[Sample Description]] -> 0 | E892: 1 | F892: 100 | G892: 24 | H892: 50 | I892: 30 | J892: 375 | K892: 68 | N892: =SUM(NMRPrep[[#This Row],[d-DMSO (uL) ]:[ NH4Cl (uL)]]) -> 647 | O892: =647 -> 647 | P892: =NMRPrep[[#This Row],[Total (uL) ]]-NMRPrep[[#This Row],[Target (uL)]] -> 0 | R892: =(NMRPrep[[#This Row],[NH4Cl Stock Concentration (mM)]]*NMRPrep[[#This Row],[ NH4Cl (uL)]])/SUM(NMRPrep[[#This Row],[DI (uL) ]:[ NH4Cl (uL)]]) -> 0
A893: =SampleList[[#This Row],[Date Sampled]] -> 0 | B893: {=IF(ISBLANK(INDEX(SampleList[NMR],ROW()-1)),"Not Requested",INDEX(SampleList[Experiment ID],ROW()-1))} -> Not Requested | C893: =SampleList[[#This Row],[Duration (Days)]] -> 0 | D893: =SampleList[[#This Row],[Sample Description]] -> 0 | E893: 2 | F893: 100 | G893: 24 | H893: 50 | I893: 30 | J893: 375 | K893: 68 | N893: =SUM(NMRPrep[[#This Row],[d-DMSO (uL) ]:[ NH4Cl (uL)]]) -> 647 | O893: =647 -> 647 | P893: =NMRPrep[[#This Row],[Total (uL) ]]-NMRPrep[[#This Row],[Target (uL)]] -> 0 | R893: =(NMRPrep[[#This Row],[NH4Cl Stock Concentration (mM)]]*NMRPrep[[#This Row],[ NH4Cl (uL)]])/SUM(NMRPrep[[#This Row],[DI (uL) ]:[ NH4Cl (uL)]]) -> 0
A894: =SampleList[[#This Row],[Date Sampled]] -> 0 | B894: {=IF(ISBLANK(INDEX(SampleList[NMR],ROW()-1)),"Not Requested",INDEX(SampleList[Experiment ID],ROW()-1))} -> Not Requested | C894: =SampleList[[#This Row],[Duration (Days)]] -> 0 | D894: =SampleList[[#This Row],[Sample Description]] -> 0 | E894: 5 | N894: =SUM(NMRPrep[[#This Row],[d-DMSO (uL) ]:[ NH4Cl (uL)]]) -> 0 | O894: =647 -> 647 | P894: =NMRPrep[[#This Row],[Total (uL) ]]-NMRPrep[[#This Row],[Target (uL)]] -> -647 | R894: =(NMRPrep[[#This Row],[NH4Cl Stock Concentration (mM)]]*NMRPrep[[#This Row],[ NH4Cl (uL)]])/SUM(NMRPrep[[#This Row],[DI (uL) ]:[ NH4Cl (uL)]]) -> #DIV/0!
...

Sheet NMR Results
A1: Date Sampled | B1: Experiment ID | C1: Duration (Days) | D1: # | E1: Date Run | F1: NH4 Peak Area | G1: Ammonium Concentration (mM) | H1: IS Concentration (mM) | I1: IS Protons | J1: NH4 Protons | K1: IS Area
A2: =Sampling!D2 -> 46094 | B2: {=IF(ISBLANK(INDEX(SampleList[NMR],ROW()-1)),"Not Requested",INDEX(SampleList[Experiment ID],ROW()-1))} -> HPHT_097 | C2: =SampleList[[#This Row],[Duration (Days)]] -> 1 | D2: =NMRPrep[[#This Row],['#]] -> 0 | E2: 46097 | F2: 2 | G2: =IFERROR(IF(NMRPrep[[#This Row],[Sample (uL) ]]=0, (NMRResults[[#This Row],[IS Protons]]/NMRResults[[#This Row],[NH4 Protons]])*(NMRResults[[#This Row],[NH4 Peak Area]]/NMRResults[[#This Row],[IS Area]])*NMRResults[[#This Row],[IS Concentration (mM)]]*(NMRPrep[[#This Row],[Total (uL) ]]/SUM(NMRPrep[[#This Row],[DI (uL) ]:[ NH4Cl (uL)]])), IFERROR((NMRResults[[#This Row],[IS Protons]]/NMRResults[[#This Row],[NH4 Protons]])*(NMRResults[[#This Row],[NH4 Peak Area]]/NMRResults[[#This Row],[IS Area]])*NMRResults[[#This Row],[IS Concentration (mM)]]*(NMRPrep[[#This Row],[Total (uL) ]]/NMRPrep[[#This Row],[Sample (uL) ]]),0)), ) -> 0.73529412 | H2: =IF(ISBLANK(NMRPrep[[#This Row],[Total (uL) ]]), 0, NMRPrep[[#This Row],[1mM Maleic Acid (uL) ]]/NMRPrep[[#This Row],[Total (uL) ]]) -> 0.077279753 | I2: =2 -> 2 | J2: =4 -> 4 | K2: =1 -> 1
A3: =Sampling!D3 -> 46094 | B3: {=IF(ISBLANK(INDEX(SampleList[NMR],ROW()-1)),"Not Requested",INDEX(SampleList[Experiment ID],ROW()-1))} -> HPHT_070 | C3: =SampleList[[#This Row],[Duration (Days)]] -> 60 | D3: =NMRPrep[[#This Row],['#]] -> 0 | E3: 46097 | F3: 1.12 | G3: =IFERROR(IF(NMRPrep[[#This Row],[Sample (uL) ]]=0, (NMRResults[[#This Row],[IS Protons]]/NMRResults[[#This Row],[NH4 Protons]])*(NMRResults[[#This Row],[NH4 Peak Area]]/NMRResults[[#This Row],[IS Area]])*NMRResults[[#This Row],[IS Concentration (mM)]]*(NMRPrep[[#This Row],[Total (uL) ]]/SUM(NMRPrep[[#This Row],[DI (uL) ]:[ NH4Cl (uL)]])), IFERROR((NMRResults[[#This Row],[IS Protons]]/NMRResults[[#This Row],[NH4 Protons]])*(NMRResults[[#This Row],[NH4 Peak Area]]/NMRResults[[#This Row],[IS Area]])*NMRResults[[#This Row],[IS Concentration (mM)]]*(NMRPrep[[#This Row],[Total (uL) ]]/NMRPrep[[#This Row],[Sample (uL) ]]),0)), ) -> 0.41176471 | H3: =IF(ISBLANK(NMRPrep[[#This Row],[Total (uL) ]]), 0, NMRPrep[[#This Row],[1mM Maleic Acid (uL) ]]/NMRPrep[[#This Row],[Total (uL) ]]) -> 0.077279753 | I3: =2 -> 2 | J3: =4 -> 4 | K3: =1 -> 1
A4: =Sampling!D4 -> 46094 | B4: {=IF(ISBLANK(INDEX(SampleList[NMR],ROW()-1)),"Not Requested",INDEX(SampleList[Experiment ID],ROW()-1))} -> HPHT_089 | C4: =SampleList[[#This Row],[Duration (Days)]] -> 0 | D4: =NMRPrep[[#This Row],['#]] -> 0 | E4: 46097 | F4: 0.25 | G4: =IFERROR(IF(NMRPrep[[#This Row],[Sample (uL) ]]=0, (NMRResults[[#This Row],[IS Protons]]/NMRResults[[#This Row],[NH4 Protons]])*(NMRResults[[#This Row],[NH4 Peak Area]]/NMRResults[[#This Row],[IS Area]])*NMRResults[[#This Row],[IS Concentration (mM)]]*(NMRPrep[[#This Row],[Total (uL) ]]/SUM(NMRPrep[[#This Row],[DI (uL) ]:[ NH4Cl (uL)]])), IFERROR((NMRResults[[#This Row],[IS Protons]]/NMRResults[[#This Row],[NH4 Protons]])*(NMRResults[[#This Row],[NH4 Peak Area]]/NMRResults[[#This Row],[IS Area]])*NMRResults[[#This Row],[IS Concentration (mM)]]*(NMRPrep[[#This Row],[Total (uL) ]]/NMRPrep[[#This Row],[Sample (uL) ]]),0)), ) -> 0.091911765 | H4: =IF(ISBLANK(NMRPrep[[#This Row],[Total (uL) ]]), 0, NMRPrep[[#This Row],[1mM Maleic Acid (uL) ]]/NMRPrep[[#This Row],[Total (uL) ]]) -> 0.077279753 | I4: =2 -> 2 | J4: =4 -> 4 | K4: =1 -> 1
A5: =Sampling!D5 -> 46094 | B5: {=IF(ISBLANK(INDEX(SampleList[NMR],ROW()-1)),"Not Requested",INDEX(SampleList[Experiment ID],ROW()-1))} -> NH4-Teflon | C5: =SampleList[[#This Row],[Duration (Days)]] -> 0 | D5: =NMRPrep[[#This Row],['#]] -> 0 | E5: 46097 | F5: 3.22 | G5: =IFERROR(IF(NMRPrep[[#This Row],[Sample (uL) ]]=0, (NMRResults[[#This Row],[IS Protons]]/NMRResults[[#This Row],[NH4 Protons]])*(NMRResults[[#This Row],[NH4 Peak Area]]/NMRResults[[#This Row],[IS Area]])*NMRResults[[#This Row],[IS Concentration (mM)]]*(NMRPrep[[#This Row],[Total (uL) ]]/SUM(NMRPrep[[#This Row],[DI (uL) ]:[ NH4Cl (uL)]])), IFERROR((NMRResults[[#This Row],[IS Protons]]/NMRResults[[#This Row],[NH4 Protons]])*(NMRResults[[#This Row],[NH4 Peak Area]]/NMRResults[[#This Row],[IS Area]])*NMRResults[[#This Row],[IS Concentration (mM)]]*(NMRPrep[[#This Row],[Total (uL) ]]/NMRPrep[[#This Row],[Sample (uL) ]]),0)), ) -> 1.1838235 | H5: =IF(ISBLANK(NMRPrep[[#This Row],[Total (uL) ]]), 0, NMRPrep[[#This Row],[1mM Maleic Acid (uL) ]]/NMRPrep[[#This Row],[Total (uL) ]]) -> 0.077279753 | I5: =2 -> 2 | J5: =4 -> 4 | K5: =1 -> 1
A6: =Sampling!D6 -> 46097 | B6: {=IF(ISBLANK(INDEX(SampleList[NMR],ROW()-1)),"Not Requested",INDEX(SampleList[Experiment ID],ROW()-1))} -> NH4-Teflon | C6: =SampleList[[#This Row],[Duration (Days)]] -> 3 | D6: =NMRPrep[[#This Row],['#]] -> 0 | E6: 46097 | F6: 3.05 | G6: =IFERROR(IF(NMRPrep[[#This Row],[Sample (uL) ]]=0, (NMRResults[[#This Row],[IS Protons]]/NMRResults[[#This Row],[NH4 Protons]])*(NMRResults[[#This Row],[NH4 Peak Area]]/NMRResults[[#This Row],[IS Area]])*NMRResults[[#This Row],[IS Concentration (mM)]]*(NMRPrep[[#This Row],[Total (uL) ]]/SUM(NMRPrep[[#This Row],[DI (uL) ]:[ NH4Cl (uL)]])), IFERROR((NMRResults[[#This Row],[IS Protons]]/NMRResults[[#This Row],[NH4 Protons]])*(NMRResults[[#This Row],[NH4 Peak Area]]/NMRResults[[#This Row],[IS Area]])*NMRResults[[#This Row],[IS Concentration (mM)]]*(NMRPrep[[#This Row],[Total (uL) ]]/NMRPrep[[#This Row],[Sample (uL) ]]),0)), ) -> 1.1213235 | H6: =IF(ISBLANK(NMRPrep[[#This Row],[Total (uL) ]]), 0, NMRPrep[[#This Row],[1mM Maleic Acid (uL) ]]/NMRPrep[[#This Row],[Total (uL) ]]) -> 0.077279753 | I6: =2 -> 2 | J6: =4 -> 4 | K6: =1 -> 1
A7: =Sampling!D7 -> 46094 | B7: {=IF(ISBLANK(INDEX(SampleList[NMR],ROW()-1)),"Not Requested",INDEX(SampleList[Experiment ID],ROW()-1))} -> HPHT_070_Desorption | C7: =SampleList[[#This Row],[Duration (Days)]] -> 0 | D7: =NMRPrep[[#This Row],['#]] -> 0 | E7: 46097 | F7: 0.13 | G7: =IFERROR(IF(NMRPrep[[#This Row],[Sample (uL) ]]=0, (NMRResults[[#This Row],[IS Protons]]/NMRResults[[#This Row],[NH4 Protons]])*(NMRResults[[#This Row],[NH4 Peak Area]]/NMRResults[[#This Row],[IS Area]])*NMRResults[[#This Row],[IS Concentration (mM)]]*(NMRPrep[[#This Row],[Total (uL) ]]/SUM(NMRPrep[[#This Row],[DI (uL) ]:[ NH4Cl (uL)]])), IFERROR((NMRResults[[#This Row],[IS Protons]]/NMRResults[[#This Row],[NH4 Protons]])*(NMRResults[[#This Row],[NH4 Peak Area]]/NMRResults[[#This Row],[IS Area]])*NMRResults[[#This Row],[IS Concentration (mM)]]*(NMRPrep[[#This Row],[Total (uL) ]]/NMRPrep[[#This Row],[Sample (uL) ]]),0)), ) -> 0.047794118 | H7: =IF(ISBLANK(NMRPrep[[#This Row],[Total (uL) ]]), 0, NMRPrep[[#This Row],[1mM Maleic Acid (uL) ]]/NMRPrep[[#This Row],[Total (uL) ]]) -> 0.077279753 | I7: =2 -> 2 | J7: =4 -> 4 | K7: =1 -> 1
A8: =Sampling!D8 -> 46097 | B8: {=IF(ISBLANK(INDEX(SampleList[NMR],ROW()-1)),"Not Requested",INDEX(SampleList[Experiment ID],ROW()-1))} -> HPHT_101 | C8: =SampleList[[#This Row],[Duration (Days)]] -> 3 | D8: =NMRPrep[[#This Row],['#]] -> 0 | E8: 46097 | F8: 0.15 | G8: =IFERROR(IF(NMRPrep[[#This Row],[Sample (uL) ]]=0, (NMRResults[[#This Row],[IS Protons]]/NMRResults[[#This Row],[NH4 Protons]])*(NMRResults[[#This Row],[NH4 Peak Area]]/NMRResults[[#This Row],[IS Area]])*NMRResults[[#This Row],[IS Concentration (mM)]]*(NMRPrep[[#This Row],[Total (uL) ]]/SUM(NMRPrep[[#This Row],[DI (uL) ]:[ NH4Cl (uL)]])), IFERROR((NMRResults[[#This Row],[IS Protons]]/NMRResults[[#This Row],[NH4 Protons]])*(NMRResults[[#This Row],[NH4 Peak Area]]/NMRResults[[#This Row],[IS Area]])*NMRResults[[#This Row],[IS Concentration (mM)]]*(NMRPrep[[#This Row],[Total (uL) ]]/NMRPrep[[#This Row],[Sample (uL) ]]),0)), ) -> 0.055147059 | H8: =IF(ISBLANK(NMRPrep[[#This Row],[Total (uL) ]]), 0, NMRPrep[[#This Row],[1mM Maleic Acid (uL) ]]/NMRPrep[[#This Row],[Total (uL) ]]) -> 0.077279753 | I8: =2 -> 2 | J8: =4 -> 4 | K8: =1 -> 1
A9: =Sampling!D9 -> 46097 | B9: {=IF(ISBLANK(INDEX(SampleList[NMR],ROW()-1)),"Not Requested",INDEX(SampleList[Experiment ID],ROW()-1))} -> HPHT_102 | C9: =SampleList[[#This Row],[Duration (Days)]] -> 3 | D9: =NMRPrep[[#This Row],['#]] -> 0 | E9: 46097 | F9: 0.13 | G9: =IFERROR(IF(NMRPrep[[#This Row],[Sample (uL) ]]=0, (NMRResults[[#This Row],[IS Protons]]/NMRResults[[#This Row],[NH4 Protons]])*(NMRResults[[#This Row],[NH4 Peak Area]]/NMRResults[[#This Row],[IS Area]])*NMRResults[[#This Row],[IS Concentration (mM)]]*(NMRPrep[[#This Row],[Total (uL) ]]/SUM(NMRPrep[[#This Row],[DI (uL) ]:[ NH4Cl (uL)]])), IFERROR((NMRResults[[#This Row],[IS Protons]]/NMRResults[[#This Row],[NH4 Protons]])*(NMRResults[[#This Row],[NH4 Peak Area]]/NMRResults[[#This Row],[IS Area]])*NMRResults[[#This Row],[IS Concentration (mM)]]*(NMRPrep[[#This Row],[Total (uL) ]]/NMRPrep[[#This Row],[Sample (uL) ]]),0)), ) -> 0.047794118 | H9: =IF(ISBLANK(NMRPrep[[#This Row],[Total (uL) ]]), 0, NMRPrep[[#This Row],[1mM Maleic Acid (uL) ]]/NMRPrep[[#This Row],[Total (uL) ]]) -> 0.077279753 | I9: =2 -> 2 | J9: =4 -> 4 | K9: =1 -> 1
A10: =Sampling!D10 -> 46097 | B10: {=IF(ISBLANK(INDEX(SampleList[NMR],ROW()-1)),"Not Requested",INDEX(SampleList[Experiment ID],ROW()-1))} -> HPHT_095_Desorption | C10: =SampleList[[#This Row],[Duration (Days)]] -> 3 | D10: =NMRPrep[[#This Row],['#]] -> 0 | E10: 46097 | F10: 0.23 | G10: =IFERROR(IF(NMRPrep[[#This Row],[Sample (uL) ]]=0, (NMRResults[[#This Row],[IS Protons]]/NMRResults[[#This Row],[NH4 Protons]])*(NMRResults[[#This Row],[NH4 Peak Area]]/NMRResults[[#This Row],[IS Area]])*NMRResults[[#This Row],[IS Concentration (mM)]]*(NMRPrep[[#This Row],[Total (uL) ]]/SUM(NMRPrep[[#This Row],[DI (uL) ]:[ NH4Cl (uL)]])), IFERROR((NMRResults[[#This Row],[IS Protons]]/NMRResults[[#This Row],[NH4 Protons]])*(NMRResults[[#This Row],[NH4 Peak Area]]/NMRResults[[#This Row],[IS Area]])*NMRResults[[#This Row],[IS Concentration (mM)]]*(NMRPrep[[#This Row],[Total (uL) ]]/NMRPrep[[#This Row],[Sample (uL) ]]),0)), ) -> 0.084558824 | H10: =IF(ISBLANK(NMRPrep[[#This Row],[Total (uL) ]]), 0, NMRPrep[[#This Row],[1mM Maleic Acid (uL) ]]/NMRPrep[[#This Row],[Total (uL) ]]) -> 0.077279753 | I10: =2 -> 2 | J10: =4 -> 4 | K10: =1 -> 1
A11: =Sampling!D11 -> 46097 | B11: {=IF(ISBLANK(INDEX(SampleList[NMR],ROW()-1)),"Not Requested",INDEX(SampleList[Experiment ID],ROW()-1))} -> HPHT_097 | C11: =SampleList[[#This Row],[Duration (Days)]] -> 4 | D11: =NMRPrep[[#This Row],['#]] -> 0 | E11: 46097 | F11: 2.41 | G11: =IFERROR(IF(NMRPrep[[#This Row],[Sample (uL) ]]=0, (NMRResults[[#This Row],[IS Protons]]/NMRResults[[#This Row],[NH4 Protons]])*(NMRResults[[#This Row],[NH4 Peak Area]]/NMRResults[[#This Row],[IS Area]])*NMRResults[[#This Row],[IS Concentration (mM)]]*(NMRPrep[[#This Row],[Total (uL) ]]/SUM(NMRPrep[[#This Row],[DI (uL) ]:[ NH4Cl (uL)]])), IFERROR((NMRResults[[#This Row],[IS Protons]]/NMRResults[[#This Row],[NH4 Protons]])*(NMRResults[[#This Row],[NH4 Peak Area]]/NMRResults[[#This Row],[IS Area]])*NMRResults[[#This Row],[IS Concentration (mM)]]*(NMRPrep[[#This Row],[Total (uL) ]]/NMRPrep[[#This Row],[Sample (uL) ]]),0)), ) -> 0.88602941 | H11: =IF(ISBLANK(NMRPrep[[#This Row],[Total (uL) ]]), 0, NMRPrep[[#This Row],[1mM Maleic Acid (uL) ]]/NMRPrep[[#This Row],[Total (uL) ]]) -> 0.077279753 | I11: =2 -> 2 | J11: =4 -> 4 | K11: =1 -> 1
A12: =Sampling!D12 -> 46097 | B12: {=IF(ISBLANK(INDEX(SampleList[NMR],ROW()-1)),"Not Requested",INDEX(SampleList[Experiment ID],ROW()-1))} -> Standard | C12: =SampleList[[#This Row],[Duration (Days)]] -> 0 | D12: =NMRPrep[[#This Row],['#]] -> 0 | E12: 46097 | F12: 6.76 | G12: =IFERROR(IF(NMRPrep[[#This Row],[Sample (uL) ]]=0, (NMRResults[[#This Row],[IS Protons]]/NMRResults[[#This Row],[NH4 Protons]])*(NMRResults[[#This Row],[NH4 Peak Area]]/NMRResults[[#This Row],[IS Area]])*NMRResults[[#This Row],[IS Concentration (mM)]]*(NMRPrep[[#This Row],[Total (uL) ]]/SUM(NMRPrep[[#This Row],[DI (uL) ]:[ NH4Cl (uL)]])), IFERROR((NMRResults[[#This Row],[IS Protons]]/NMRResults[[#This Row],[NH4 Protons]])*(NMRResults[[#This Row],[NH4 Peak Area]]/NMRResults[[#This Row],[IS Area]])*NMRResults[[#This Row],[IS Concentration (mM)]]*(NMRPrep[[#This Row],[Total (uL) ]]/NMRPrep[[#This Row],[Sample (uL) ]]),0)), ) -> 0.38148984 | H12: =IF(ISBLANK(NMRPrep[[#This Row],[Total (uL) ]]), 0, NMRPrep[[#This Row],[1mM Maleic Acid (uL) ]]/NMRPrep[[#This Row],[Total (uL) ]]) -> 0.077279753 | I12: =2 -> 2 | J12: =4 -> 4 | K12: =1 -> 1
A13: =Sampling!D13 -> 46097 | B13: {=IF(ISBLANK(INDEX(SampleList[NMR],ROW()-1)),"Not Requested",INDEX(SampleList[Experiment ID],ROW()-1))} -> HPHT_096 | C13: =SampleList[[#This Row],[Duration (Days)]] -> 10 | D13: =NMRPrep[[#This Row],['#]] -> 0 | E13: 46097 | G13: =IFERROR(IF(NMRPrep[[#This Row],[Sample (uL) ]]=0, (NMRResults[[#This Row],[IS Protons]]/NMRResults[[#This Row],[NH4 Protons]])*(NMRResults[[#This Row],[NH4 Peak Area]]/NMRResults[[#This Row],[IS Area]])*NMRResults[[#This Row],[IS Concentration (mM)]]*(NMRPrep[[#This Row],[Total (uL) ]]/SUM(NMRPrep[[#This Row],[DI (uL) ]:[ NH4Cl (uL)]])), IFERROR((NMRResults[[#This Row],[IS Protons]]/NMRResults[[#This Row],[NH4 Protons]])*(NMRResults[[#This Row],[NH4 Peak Area]]/NMRResults[[#This Row],[IS Area]])*NMRResults[[#This Row],[IS Concentration (mM)]]*(NMRPrep[[#This Row],[Total (uL) ]]/NMRPrep[[#This Row],[Sample (uL) ]]),0)), ) -> 0 | H13: =IF(ISBLANK(NMRPrep[[#This Row],[Total (uL) ]]), 0, NMRPrep[[#This Row],[1mM Maleic Acid (uL) ]]/NMRPrep[[#This Row],[Total (uL) ]]) -> 0.077279753 | I13: =2 -> 2 | J13: =4 -> 4 | K13: =1 -> 1
A14: =Sampling!D14 -> 46097 | B14: {=IF(ISBLANK(INDEX(SampleList[NMR],ROW()-1)),"Not Requested",INDEX(SampleList[Experiment ID],ROW()-1))} -> HPHT_079 | C14: =SampleList[[#This Row],[Duration (Days)]] -> 39 | D14: =NMRPrep[[#This Row],['#]] -> 0 | E14: 46099 | F14: 0.25 | G14: =IFERROR(IF(NMRPrep[[#This Row],[Sample (uL) ]]=0, (NMRResults[[#This Row],[IS Protons]]/NMRResults[[#This Row],[NH4 Protons]])*(NMRResults[[#This Row],[NH4 Peak Area]]/NMRResults[[#This Row],[IS Area]])*NMRResults[[#This Row],[IS Concentration (mM)]]*(NMRPrep[[#This Row],[Total (uL) ]]/SUM(NMRPrep[[#This Row],[DI (uL) ]:[ NH4Cl (uL)]])), IFERROR((NMRResults[[#This Row],[IS Protons]]/NMRResults[[#This Row],[NH4 Protons]])*(NMRResults[[#This Row],[NH4 Peak Area]]/NMRResults[[#This Row],[IS Area]])*NMRResults[[#This Row],[IS Concentration (mM)]]*(NMRPrep[[#This Row],[Total (uL) ]]/NMRPrep[[#This Row],[Sample (uL) ]]),0)), ) -> 0.091911765 | H14: =IF(ISBLANK(NMRPrep[[#This Row],[Total (uL) ]]), 0, NMRPrep[[#This Row],[1mM Maleic Acid (uL) ]]/NMRPrep[[#This Row],[Total (uL) ]]) -> 0.077279753 | I14: =2 -> 2 | J14: =4 -> 4 | K14: =1 -> 1
A15: =Sampling!D15 -> 46099 | B15: {=IF(ISBLANK(INDEX(SampleList[NMR],ROW()-1)),"Not Requested",INDEX(SampleList[Experiment ID],ROW()-1))} -> HPHT_097 | C15: =SampleList[[#This Row],[Duration (Days)]] -> 6 | D15: =NMRPrep[[#This Row],['#]] -> 0 | E15: 46099 | F15: 2.13 | G15: =IFERROR(IF(NMRPrep[[#This Row],[Sample (uL) ]]=0, (NMRResults[[#This Row],[IS Protons]]/NMRResults[[#This Row],[NH4 Protons]])*(NMRResults[[#This Row],[NH4 Peak Area]]/NMRResults[[#This Row],[IS Area]])*NMRResults[[#This Row],[IS Concentration (mM)]]*(NMRPrep[[#This Row],[Total (uL) ]]/SUM(NMRPrep[[#This Row],[DI (uL) ]:[ NH4Cl (uL)]])), IFERROR((NMRResults[[#This Row],[IS Protons]]/NMRResults[[#This Row],[NH4 Protons]])*(NMRResults[[#This Row],[NH4 Peak Area]]/NMRResults[[#This Row],[IS Area]])*NMRResults[[#This Row],[IS Concentration (mM)]]*(NMRPrep[[#This Row],[Total (uL) ]]/NMRPrep[[#This Row],[Sample (uL) ]]),0)), ) -> 0.78308824 | H15: =IF(ISBLANK(NMRPrep[[#This Row],[Total (uL) ]]), 0, NMRPrep[[#This Row],[1mM Maleic Acid (uL) ]]/NMRPrep[[#This Row],[Total (uL) ]]) -> 0.077279753 | I15: =2 -> 2 | J15: =4 -> 4 | K15: =1 -> 1
A16: =Sampling!D16 -> 46080 | B16: {=IF(ISBLANK(INDEX(SampleList[NMR],ROW()-1)),"Not Requested",INDEX(SampleList[Experiment ID],ROW()-1))} -> Not Requested | C16: =Sampling!E16 -> 6 | D16: =NMRPrep[[#This Row],['#]] -> 0 | G16: =IFERROR(IF(NMRPrep[[#This Row],[Sample (uL) ]]=0, (NMRResults[[#This Row],[IS Protons]]/NMRResults[[#This Row],[NH4 Protons]])*(NMRResults[[#This Row],[NH4 Peak Area]]/NMRResults[[#This Row],[IS Area]])*NMRResults[[#This Row],[IS Concentration (mM)]]*(NMRPrep[[#This Row],[Total (uL) ]]/SUM(NMRPrep[[#This Row],[DI (uL) ]:[ NH4Cl (uL)]])), IFERROR((NMRResults[[#This Row],[IS Protons]]/NMRResults[[#This Row],[NH4 Protons]])*(NMRResults[[#This Row],[NH4 Peak Area]]/NMRResults[[#This Row],[IS Area]])*NMRResults[[#This Row],[IS Concentration (mM)]]*(NMRPrep[[#This Row],[Total (uL) ]]/NMRPrep[[#This Row],[Sample (uL) ]]),0)), ) -> 0 | H16: =IF(ISBLANK(NMRPrep[[#This Row],[Total (uL) ]]), 0, NMRPrep[[#This Row],[1mM Maleic Acid (uL) ]]/NMRPrep[[#This Row],[Total (uL) ]]) -> 0.077279753 | I16: =2 -> 2 | J16: =4 -> 4 | K16: =1 -> 1
A17: =Sampling!D17 -> 46080 | B17: {=IF(ISBLANK(INDEX(SampleList[NMR],ROW()-1)),"Not Requested",INDEX(SampleList[Experiment ID],ROW()-1))} -> Not Requested | C17: =Sampling!E17 -> 46 | D17: =NMRPrep[[#This Row],['#]] -> 0 | G17: =IFERROR(IF(NMRPrep[[#This Row],[Sample (uL) ]]=0, (NMRResults[[#This Row],[IS Protons]]/NMRResults[[#This Row],[NH4 Protons]])*(NMRResults[[#This Row],[NH4 Peak Area]]/NMRResults[[#This Row],[IS Area]])*NMRResults[[#This Row],[IS Concentration (mM)]]*(NMRPrep[[#This Row],[Total (uL) ]]/SUM(NMRPrep[[#This Row],[DI (uL) ]:[ NH4Cl (uL)]])), IFERROR((NMRResults[[#This Row],[IS Protons]]/NMRResults[[#This Row],[NH4 Protons]])*(NMRResults[[#This Row],[NH4 Peak Area]]/NMRResults[[#This Row],[IS Area]])*NMRResults[[#This Row],[IS Concentration (mM)]]*(NMRPrep[[#This Row],[Total (uL) ]]/NMRPrep[[#This Row],[Sample (uL) ]]),0)), ) -> 0 | H17: =IF(ISBLANK(NMRPrep[[#This Row],[Total (uL) ]]), 0, NMRPrep[[#This Row],[1mM Maleic Acid (uL) ]]/NMRPrep[[#This Row],[Total (uL) ]]) -> 0.077279753 | I17: =2 -> 2 | J17: =4 -> 4 | K17: =1 -> 1
A18: =Sampling!D18 -> 46080 | B18: {=IF(ISBLANK(INDEX(SampleList[NMR],ROW()-1)),"Not Requested",INDEX(SampleList[Experiment ID],ROW()-1))} -> Not Requested | C18: =Sampling!E18 -> 18 | D18: =NMRPrep[[#This Row],['#]] -> 0 | G18: =IFERROR(IF(NMRPrep[[#This Row],[Sample (uL) ]]=0, (NMRResults[[#This Row],[IS Protons]]/NMRResults[[#This Row],[NH4 Protons]])*(NMRResults[[#This Row],[NH4 Peak Area]]/NMRResults[[#This Row],[IS Area]])*NMRResults[[#This Row],[IS Concentration (mM)]]*(NMRPrep[[#This Row],[Total (uL) ]]/SUM(NMRPrep[[#This Row],[DI (uL) ]:[ NH4Cl (uL)]])), IFERROR((NMRResults[[#This Row],[IS Protons]]/NMRResults[[#This Row],[NH4 Protons]])*(NMRResults[[#This Row],[NH4 Peak Area]]/NMRResults[[#This Row],[IS Area]])*NMRResults[[#This Row],[IS Concentration (mM)]]*(NMRPrep[[#This Row],[Total (uL) ]]/NMRPrep[[#This Row],[Sample (uL) ]]),0)), ) -> 0 | H18: =IF(ISBLANK(NMRPrep[[#This Row],[Total (uL) ]]), 0, NMRPrep[[#This Row],[1mM Maleic Acid (uL) ]]/NMRPrep[[#This Row],[Total (uL) ]]) -> 0.077279753 | I18: =2 -> 2 | J18: =4 -> 4 | K18: =1 -> 1
A19: =Sampling!D19 -> 46080 | B19: {=IF(ISBLANK(INDEX(SampleList[NMR],ROW()-1)),"Not Requested",INDEX(SampleList[Experiment ID],ROW()-1))} -> Not Requested | C19: =Sampling!E19 -> 22 | D19: =NMRPrep[[#This Row],['#]] -> 0 | G19: =IFERROR(IF(NMRPrep[[#This Row],[Sample (uL) ]]=0, (NMRResults[[#This Row],[IS Protons]]/NMRResults[[#This Row],[NH4 Protons]])*(NMRResults[[#This Row],[NH4 Peak Area]]/NMRResults[[#This Row],[IS Area]])*NMRResults[[#This Row],[IS Concentration (mM)]]*(NMRPrep[[#This Row],[Total (uL) ]]/SUM(NMRPrep[[#This Row],[DI (uL) ]:[ NH4Cl (uL)]])), IFERROR((NMRResults[[#This Row],[IS Protons]]/NMRResults[[#This Row],[NH4 Protons]])*(NMRResults[[#This Row],[NH4 Peak Area]]/NMRResults[[#This Row],[IS Area]])*NMRResults[[#This Row],[IS Concentration (mM)]]*(NMRPrep[[#This Row],[Total (uL) ]]/NMRPrep[[#This Row],[Sample (uL) ]]),0)), ) -> 0 | H19: =IF(ISBLANK(NMRPrep[[#This Row],[Total (uL) ]]), 0, NMRPrep[[#This Row],[1mM Maleic Acid (uL) ]]/NMRPrep[[#This Row],[Total (uL) ]]) -> 0.077279753 | I19: =2 -> 2 | J19: =4 -> 4 | K19: =1 -> 1
A20: =Sampling!D20 -> 46083 | B20: {=IF(ISBLANK(INDEX(SampleList[NMR],ROW()-1)),"Not Requested",INDEX(SampleList[Experiment ID],ROW()-1))} -> Not Requested | C20: =Sampling!E20 -> 20 | D20: =NMRPrep[[#This Row],['#]] -> 0 | G20: =IFERROR(IF(NMRPrep[[#This Row],[Sample (uL) ]]=0, (NMRResults[[#This Row],[IS Protons]]/NMRResults[[#This Row],[NH4 Protons]])*(NMRResults[[#This Row],[NH4 Peak Area]]/NMRResults[[#This Row],[IS Area]])*NMRResults[[#This Row],[IS Concentration (mM)]]*(NMRPrep[[#This Row],[Total (uL) ]]/SUM(NMRPrep[[#This Row],[DI (uL) ]:[ NH4Cl (uL)]])), IFERROR((NMRResults[[#This Row],[IS Protons]]/NMRResults[[#This Row],[NH4 Protons]])*(NMRResults[[#This Row],[NH4 Peak Area]]/NMRResults[[#This Row],[IS Area]])*NMRResults[[#This Row],[IS Concentration (mM)]]*(NMRPrep[[#This Row],[Total (uL) ]]/NMRPrep[[#This Row],[Sample (uL) ]]),0)), ) -> 0 | H20: =IF(ISBLANK(NMRPrep[[#This Row],[Total (uL) ]]), 0, NMRPrep[[#This Row],[1mM Maleic Acid (uL) ]]/NMRPrep[[#This Row],[Total (uL) ]]) -> 0.077279753 | I20: =2 -> 2 | J20: =4 -> 4 | K20: =1 -> 1
A21: =Sampling!D21 -> 46083 | B21: {=IF(ISBLANK(INDEX(SampleList[NMR],ROW()-1)),"Not Requested",INDEX(SampleList[Experiment ID],ROW()-1))} -> Not Requested | C21: =Sampling!E21 -> 8 | D21: =NMRPrep[[#This Row],['#]] -> 0 | G21: =IFERROR(IF(NMRPrep[[#This Row],[Sample (uL) ]]=0, (NMRResults[[#This Row],[IS Protons]]/NMRResults[[#This Row],[NH4 Protons]])*(NMRResults[[#This Row],[NH4 Peak Area]]/NMRResults[[#This Row],[IS Area]])*NMRResults[[#This Row],[IS Concentration (mM)]]*(NMRPrep[[#This Row],[Total (uL) ]]/SUM(NMRPrep[[#This Row],[DI (uL) ]:[ NH4Cl (uL)]])), IFERROR((NMRResults[[#This Row],[IS Protons]]/NMRResults[[#This Row],[NH4 Protons]])*(NMRResults[[#This Row],[NH4 Peak Area]]/NMRResults[[#This Row],[IS Area]])*NMRResults[[#This Row],[IS Concentration (mM)]]*(NMRPrep[[#This Row],[Total (uL) ]]/NMRPrep[[#This Row],[Sample (uL) ]]),0)), ) -> 0 | H21: =IF(ISBLANK(NMRPrep[[#This Row],[Total (uL) ]]), 0, NMRPrep[[#This Row],[1mM Maleic Acid (uL) ]]/NMRPrep[[#This Row],[Total (uL) ]]) -> 0.077279753 | I21: =2 -> 2 | J21: =4 -> 4 | K21: =1 -> 1
A22: =Sampling!D22 -> 46083 | B22: {=IF(ISBLANK(INDEX(SampleList[NMR],ROW()-1)),"Not Requested",INDEX(SampleList[Experiment ID],ROW()-1))} -> Not Requested | C22: =Sampling!E22 -> 10 | D22: =NMRPrep[[#This Row],['#]] -> 0 | G22: =IFERROR(IF(NMRPrep[[#This Row],[Sample (uL) ]]=0, (NMRResults[[#This Row],[IS Protons]]/NMRResults[[#This Row],[NH4 Protons]])*(NMRResults[[#This Row],[NH4 Peak Area]]/NMRResults[[#This Row],[IS Area]])*NMRResults[[#This Row],[IS Concentration (mM)]]*(NMRPrep[[#This Row],[Total (uL) ]]/SUM(NMRPrep[[#This Row],[DI (uL) ]:[ NH4Cl (uL)]])), IFERROR((NMRResults[[#This Row],[IS Protons]]/NMRResults[[#This Row],[NH4 Protons]])*(NMRResults[[#This Row],[NH4 Peak Area]]/NMRResults[[#This Row],[IS Area]])*NMRResults[[#This Row],[IS Concentration (mM)]]*(NMRPrep[[#This Row],[Total (uL) ]]/NMRPrep[[#This Row],[Sample (uL) ]]),0)), ) -> 0 | H22: =IF(ISBLANK(NMRPrep[[#This Row],[Total (uL) ]]), 0, NMRPrep[[#This Row],[1mM Maleic Acid (uL) ]]/NMRPrep[[#This Row],[Total (uL) ]]) -> 0.077279753 | I22: =2 -> 2 | J22: =4 -> 4 | K22: =1 -> 1
A23: =Sampling!D23 -> 46083 | B23: {=IF(ISBLANK(INDEX(SampleList[NMR],ROW()-1)),"Not Requested",INDEX(SampleList[Experiment ID],ROW()-1))} -> Not Requested | C23: =Sampling!E23 -> 2 | D23: =NMRPrep[[#This Row],['#]] -> 0 | G23: =IFERROR(IF(NMRPrep[[#This Row],[Sample (uL) ]]=0, (NMRResults[[#This Row],[IS Protons]]/NMRResults[[#This Row],[NH4 Protons]])*(NMRResults[[#This Row],[NH4 Peak Area]]/NMRResults[[#This Row],[IS Area]])*NMRResults[[#This Row],[IS Concentration (mM)]]*(NMRPrep[[#This Row],[Total (uL) ]]/SUM(NMRPrep[[#This Row],[DI (uL) ]:[ NH4Cl (uL)]])), IFERROR((NMRResults[[#This Row],[IS Protons]]/NMRResults[[#This Row],[NH4 Protons]])*(NMRResults[[#This Row],[NH4 Peak Area]]/NMRResults[[#This Row],[IS Area]])*NMRResults[[#This Row],[IS Concentration (mM)]]*(NMRPrep[[#This Row],[Total (uL) ]]/NMRPrep[[#This Row],[Sample (uL) ]]),0)), ) -> 0 | H23: =IF(ISBLANK(NMRPrep[[#This Row],[Total (uL) ]]), 0, NMRPrep[[#This Row],[1mM Maleic Acid (uL) ]]/NMRPrep[[#This Row],[Total (uL) ]]) -> 0.077279753 | I23: =2 -> 2 | J23: =4 -> 4 | K23: =1 -> 1
A24: =Sampling!D24 -> 46086 | B24: {=IF(ISBLANK(INDEX(SampleList[NMR],ROW()-1)),"Not Requested",INDEX(SampleList[Experiment ID],ROW()-1))} -> Not Requested | C24: =Sampling!E24 -> 52 | D24: =NMRPrep[[#This Row],['#]] -> 0 | G24: =IFERROR(IF(NMRPrep[[#This Row],[Sample (uL) ]]=0, (NMRResults[[#This Row],[IS Protons]]/NMRResults[[#This Row],[NH4 Protons]])*(NMRResults[[#This Row],[NH4 Peak Area]]/NMRResults[[#This Row],[IS Area]])*NMRResults[[#This Row],[IS Concentration (mM)]]*(NMRPrep[[#This Row],[Total (uL) ]]/SUM(NMRPrep[[#This Row],[DI (uL) ]:[ NH4Cl (uL)]])), IFERROR((NMRResults[[#This Row],[IS Protons]]/NMRResults[[#This Row],[NH4 Protons]])*(NMRResults[[#This Row],[NH4 Peak Area]]/NMRResults[[#This Row],[IS Area]])*NMRResults[[#This Row],[IS Concentration (mM)]]*(NMRPrep[[#This Row],[Total (uL) ]]/NMRPrep[[#This Row],[Sample (uL) ]]),0)), ) -> 0 | H24: =IF(ISBLANK(NMRPrep[[#This Row],[Total (uL) ]]), 0, NMRPrep[[#This Row],[1mM Maleic Acid (uL) ]]/NMRPrep[[#This Row],[Total (uL) ]]) -> 0.077279753 | I24: =2 -> 2 | J24: =4 -> 4 | K24: =1 -> 1
A25: =Sampling!D25 -> 46086 | B25: {=IF(ISBLANK(INDEX(SampleList[NMR],ROW()-1)),"Not Requested",INDEX(SampleList[Experiment ID],ROW()-1))} -> Not Requested | C25: =Sampling!E25 -> 22 | D25: =NMRPrep[[#This Row],['#]] -> 0 | G25: =IFERROR(IF(NMRPrep[[#This Row],[Sample (uL) ]]=0, (NMRResults[[#This Row],[IS Protons]]/NMRResults[[#This Row],[NH4 Protons]])*(NMRResults[[#This Row],[NH4 Peak Area]]/NMRResults[[#This Row],[IS Area]])*NMRResults[[#This Row],[IS Concentration (mM)]]*(NMRPrep[[#This Row],[Total (uL) ]]/SUM(NMRPrep[[#This Row],[DI (uL) ]:[ NH4Cl (uL)]])), IFERROR((NMRResults[[#This Row],[IS Protons]]/NMRResults[[#This Row],[NH4 Protons]])*(NMRResults[[#This Row],[NH4 Peak Area]]/NMRResults[[#This Row],[IS Area]])*NMRResults[[#This Row],[IS Concentration (mM)]]*(NMRPrep[[#This Row],[Total (uL) ]]/NMRPrep[[#This Row],[Sample (uL) ]]),0)), ) -> 0 | H25: =IF(ISBLANK(NMRPrep[[#This Row],[Total (uL) ]]), 0, NMRPrep[[#This Row],[1mM Maleic Acid (uL) ]]/NMRPrep[[#This Row],[Total (uL) ]]) -> 0.077279753 | I25: =2 -> 2 | J25: =4 -> 4 | K25: =1 -> 1
A26: =Sampling!D26 -> 46086 | B26: {=IF(ISBLANK(INDEX(SampleList[NMR],ROW()-1)),"Not Requested",INDEX(SampleList[Experiment ID],ROW()-1))} -> Not Requested | C26: =Sampling!E26 -> 28 | D26: =NMRPrep[[#This Row],['#]] -> 0 | G26: =IFERROR(IF(NMRPrep[[#This Row],[Sample (uL) ]]=0, (NMRResults[[#This Row],[IS Protons]]/NMRResults[[#This Row],[NH4 Protons]])*(NMRResults[[#This Row],[NH4 Peak Area]]/NMRResults[[#This Row],[IS Area]])*NMRResults[[#This Row],[IS Concentration (mM)]]*(NMRPrep[[#This Row],[Total (uL) ]]/SUM(NMRPrep[[#This Row],[DI (uL) ]:[ NH4Cl (uL)]])), IFERROR((NMRResults[[#This Row],[IS Protons]]/NMRResults[[#This Row],[NH4 Protons]])*(NMRResults[[#This Row],[NH4 Peak Area]]/NMRResults[[#This Row],[IS Area]])*NMRResults[[#This Row],[IS Concentration (mM)]]*(NMRPrep[[#This Row],[Total (uL) ]]/NMRPrep[[#This Row],[Sample (uL) ]]),0)), ) -> 0 | H26: =IF(ISBLANK(NMRPrep[[#This Row],[Total (uL) ]]), 0, NMRPrep[[#This Row],[1mM Maleic Acid (uL) ]]/NMRPrep[[#This Row],[Total (uL) ]]) -> 0.077279753 | I26: =2 -> 2 | J26: =4 -> 4 | K26: =1 -> 1
A27: =Sampling!D27 -> 46086 | B27: {=IF(ISBLANK(INDEX(SampleList[NMR],ROW()-1)),"Not Requested",INDEX(SampleList[Experiment ID],ROW()-1))} -> Not Requested | C27: =Sampling!E27 -> 0 | D27: =NMRPrep[[#This Row],['#]] -> 0 | G27: =IFERROR(IF(NMRPrep[[#This Row],[Sample (uL) ]]=0, (NMRResults[[#This Row],[IS Protons]]/NMRResults[[#This Row],[NH4 Protons]])*(NMRResults[[#This Row],[NH4 Peak Area]]/NMRResults[[#This Row],[IS Area]])*NMRResults[[#This Row],[IS Concentration (mM)]]*(NMRPrep[[#This Row],[Total (uL) ]]/SUM(NMRPrep[[#This Row],[DI (uL) ]:[ NH4Cl (uL)]])), IFERROR((NMRResults[[#This Row],[IS Protons]]/NMRResults[[#This Row],[NH4 Protons]])*(NMRResults[[#This Row],[NH4 Peak Area]]/NMRResults[[#This Row],[IS Area]])*NMRResults[[#This Row],[IS Concentration (mM)]]*(NMRPrep[[#This Row],[Total (uL) ]]/NMRPrep[[#This Row],[Sample (uL) ]]),0)), ) -> 0 | H27: =IF(ISBLANK(NMRPrep[[#This Row],[Total (uL) ]]), 0, NMRPrep[[#This Row],[1mM Maleic Acid (uL) ]]/NMRPrep[[#This Row],[Total (uL) ]]) -> 0.077279753 | I27: =2 -> 2 | J27: =4 -> 4 | K27: =1 -> 1
... A37: =Sampling!D37 -> 46092 | B37: {=IF(ISBLANK(INDEX(SampleList[NMR],ROW()-1)),"Not Requested",INDEX(SampleList[Experiment ID],ROW()-1))} -> Not Requested | C37: =Sampling!E37 -> 4 | D37: =NMRPrep[[#This Row],['#]] -> 0 | G37: =IFERROR(IF(NMRPrep[[#This Row],[Sample (uL) ]]=0, (NMRResults[[#This Row],[IS Protons]]/NMRResults[[#This Row],[NH4 Protons]])*(NMRResults[[#This Row],[NH4 Peak Area]]/NMRResults[[#This Row],[IS Area]])*NMRResults[[#This Row],[IS Concentration (mM)]]*(NMRPrep[[#This Row],[Total (uL) ]]/SUM(NMRPrep[[#This Row],[DI (uL) ]:[ NH4Cl (uL)]])), IFERROR((NMRResults[[#This Row],[IS Protons]]/NMRResults[[#This Row],[NH4 Protons]])*(NMRResults[[#This Row],[NH4 Peak Area]]/NMRResults[[#This Row],[IS Area]])*NMRResults[[#This Row],[IS Concentration (mM)]]*(NMRPrep[[#This Row],[Total (uL) ]]/NMRPrep[[#This Row],[Sample (uL) ]]),0)), ) -> 0 | H37: =IF(ISBLANK(NMRPrep[[#This Row],[Total (uL) ]]), 0, NMRPrep[[#This Row],[1mM Maleic Acid (uL) ]]/NMRPrep[[#This Row],[Total (uL) ]]) -> 0.077279753 | I37: =2 -> 2 | J37: =4 -> 4 | K37: =1 -> 1
A38: =Sampling!D38 -> 46099 | B38: {=IF(ISBLANK(INDEX(SampleList[NMR],ROW()-1)),"Not Requested",INDEX(SampleList[Experiment ID],ROW()-1))} -> HPHT_103 | C38: =SampleList[[#This Row],[Duration (Days)]] -> 0 | D38: =NMRPrep[[#This Row],['#]] -> 0 | E38: 46099 | F38: 0.01 | G38: =IFERROR(IF(NMRPrep[[#This Row],[Sample (uL) ]]=0, (NMRResults[[#This Row],[IS Protons]]/NMRResults[[#This Row],[NH4 Protons]])*(NMRResults[[#This Row],[NH4 Peak Area]]/NMRResults[[#This Row],[IS Area]])*NMRResults[[#This Row],[IS Concentration (mM)]]*(NMRPrep[[#This Row],[Total (uL) ]]/SUM(NMRPrep[[#This Row],[DI (uL) ]:[ NH4Cl (uL)]])), IFERROR((NMRResults[[#This Row],[IS Protons]]/NMRResults[[#This Row],[NH4 Protons]])*(NMRResults[[#This Row],[NH4 Peak Area]]/NMRResults[[#This Row],[IS Area]])*NMRResults[[#This Row],[IS Concentration (mM)]]*(NMRPrep[[#This Row],[Total (uL) ]]/NMRPrep[[#This Row],[Sample (uL) ]]),0)), ) -> 0.0036764706 | H38: =IF(ISBLANK(NMRPrep[[#This Row],[Total (uL) ]]), 0, NMRPrep[[#This Row],[1mM Maleic Acid (uL) ]]/NMRPrep[[#This Row],[Total (uL) ]]) -> 0.077279753 | I38: =2 -> 2 | J38: =4 -> 4 | K38: =1 -> 1
A39: =Sampling!D39 -> 46099 | B39: {=IF(ISBLANK(INDEX(SampleList[NMR],ROW()-1)),"Not Requested",INDEX(SampleList[Experiment ID],ROW()-1))} -> HPHT_104 | C39: =SampleList[[#This Row],[Duration (Days)]] -> 0 | D39: =NMRPrep[[#This Row],['#]] -> 0 | E39: 46099 | F39: 0.03 | G39: =IFERROR(IF(NMRPrep[[#This Row],[Sample (uL) ]]=0, (NMRResults[[#This Row],[IS Protons]]/NMRResults[[#This Row],[NH4 Protons]])*(NMRResults[[#This Row],[NH4 Peak Area]]/NMRResults[[#This Row],[IS Area]])*NMRResults[[#This Row],[IS Concentration (mM)]]*(NMRPrep[[#This Row],[Total (uL) ]]/SUM(NMRPrep[[#This Row],[DI (uL) ]:[ NH4Cl (uL)]])), IFERROR((NMRResults[[#This Row],[IS Protons]]/NMRResults[[#This Row],[NH4 Protons]])*(NMRResults[[#This Row],[NH4 Peak Area]]/NMRResults[[#This Row],[IS Area]])*NMRResults[[#This Row],[IS Concentration (mM)]]*(NMRPrep[[#This Row],[Total (uL) ]]/NMRPrep[[#This Row],[Sample (uL) ]]),0)), ) -> 0.011029412 | H39: =IF(ISBLANK(NMRPrep[[#This Row],[Total (uL) ]]), 0, NMRPrep[[#This Row],[1mM Maleic Acid (uL) ]]/NMRPrep[[#This Row],[Total (uL) ]]) -> 0.077279753 | I39: =2 -> 2 | J39: =4 -> 4 | K39: =1 -> 1
A40: =Sampling!D40 -> 46097 | B40: {=IF(ISBLANK(INDEX(SampleList[NMR],ROW()-1)),"Not Requested",INDEX(SampleList[Experiment ID],ROW()-1))} -> HPHT_096 | C40: =SampleList[[#This Row],[Duration (Days)]] -> 10 | D40: =NMRPrep[[#This Row],['#]] -> 0 | E40: 46099 | F40: 2.57 | G40: =IFERROR(IF(NMRPrep[[#This Row],[Sample (uL) ]]=0, (NMRResults[[#This Row],[IS Protons]]/NMRResults[[#This Row],[NH4 Protons]])*(NMRResults[[#This Row],[NH4 Peak Area]]/NMRResults[[#This Row],[IS Area]])*NMRResults[[#This Row],[IS Concentration (mM)]]*(NMRPrep[[#This Row],[Total (uL) ]]/SUM(NMRPrep[[#This Row],[DI (uL) ]:[ NH4Cl (uL)]])), IFERROR((NMRResults[[#This Row],[IS Protons]]/NMRResults[[#This Row],[NH4 Protons]])*(NMRResults[[#This Row],[NH4 Peak Area]]/NMRResults[[#This Row],[IS Area]])*NMRResults[[#This Row],[IS Concentration (mM)]]*(NMRPrep[[#This Row],[Total (uL) ]]/NMRPrep[[#This Row],[Sample (uL) ]]),0)), ) -> 0.94485294 | H40: =IF(ISBLANK(NMRPrep[[#This Row],[Total (uL) ]]), 0, NMRPrep[[#This Row],[1mM Maleic Acid (uL) ]]/NMRPrep[[#This Row],[Total (uL) ]]) -> 0.077279753 | I40: =2 -> 2 | J40: =4 -> 4 | K40: =1 -> 1
A41: =Sampling!D41 -> 46099 | B41: {=IF(ISBLANK(INDEX(SampleList[NMR],ROW()-1)),"Not Requested",INDEX(SampleList[Experiment ID],ROW()-1))} -> NMR Standard | C41: =SampleList[[#This Row],[Duration (Days)]] -> 0 | D41: =NMRPrep[[#This Row],['#]] -> 0 | E41: 46099 | F41: 6.9 | G41: =IFERROR(IF(NMRPrep[[#This Row],[Sample (uL) ]]=0, (NMRResults[[#This Row],[IS Protons]]/NMRResults[[#This Row],[NH4 Protons]])*(NMRResults[[#This Row],[NH4 Peak Area]]/NMRResults[[#This Row],[IS Area]])*NMRResults[[#This Row],[IS Concentration (mM)]]*(NMRPrep[[#This Row],[Total (uL) ]]/SUM(NMRPrep[[#This Row],[DI (uL) ]:[ NH4Cl (uL)]])), IFERROR((NMRResults[[#This Row],[IS Protons]]/NMRResults[[#This Row],[NH4 Protons]])*(NMRResults[[#This Row],[NH4 Peak Area]]/NMRResults[[#This Row],[IS Area]])*NMRResults[[#This Row],[IS Concentration (mM)]]*(NMRPrep[[#This Row],[Total (uL) ]]/NMRPrep[[#This Row],[Sample (uL) ]]),0)), ) -> 0.38939052 | H41: =IF(ISBLANK(NMRPrep[[#This Row],[Total (uL) ]]), 0, NMRPrep[[#This Row],[1mM Maleic Acid (uL) ]]/NMRPrep[[#This Row],[Total (uL) ]]) -> 0.077279753 | I41: =2 -> 2 | J41: =4 -> 4 | K41: =1 -> 1
A42: =Sampling!D42 -> 46099 | B42: {=IF(ISBLANK(INDEX(SampleList[NMR],ROW()-1)),"Not Requested",INDEX(SampleList[Experiment ID],ROW()-1))} -> HPHT_070_Desorption | C42: =SampleList[[#This Row],[Duration (Days)]] -> 5 | D42: =NMRPrep[[#This Row],['#]] -> 0 | E42: 46099 | F42: 0.14 | G42: =IFERROR(IF(NMRPrep[[#This Row],[Sample (uL) ]]=0, (NMRResults[[#This Row],[IS Protons]]/NMRResults[[#This Row],[NH4 Protons]])*(NMRResults[[#This Row],[NH4 Peak Area]]/NMRResults[[#This Row],[IS Area]])*NMRResults[[#This Row],[IS Concentration (mM)]]*(NMRPrep[[#This Row],[Total (uL) ]]/SUM(NMRPrep[[#This Row],[DI (uL) ]:[ NH4Cl (uL)]])), IFERROR((NMRResults[[#This Row],[IS Protons]]/NMRResults[[#This Row],[NH4 Protons]])*(NMRResults[[#This Row],[NH4 Peak Area]]/NMRResults[[#This Row],[IS Area]])*NMRResults[[#This Row],[IS Concentration (mM)]]*(NMRPrep[[#This Row],[Total (uL) ]]/NMRPrep[[#This Row],[Sample (uL) ]]),0)), ) -> 0.051470588 | H42: =IF(ISBLANK(NMRPrep[[#This Row],[Total (uL) ]]), 0, NMRPrep[[#This Row],[1mM Maleic Acid (uL) ]]/NMRPrep[[#This Row],[Total (uL) ]]) -> 0.077279753 | I42: =2 -> 2 | J42: =4 -> 4 | K42: =1 -> 1
A43: =Sampling!D43 -> 46100 | B43: {=IF(ISBLANK(INDEX(SampleList[NMR],ROW()-1)),"Not Requested",INDEX(SampleList[Experiment ID],ROW()-1))} -> HPHT_089 | C43: =SampleList[[#This Row],[Duration (Days)]] -> 3 | D43: =NMRPrep[[#This Row],['#]] -> 1 | E43: 46101 | F43: 1.98 | G43: =IFERROR(IF(NMRPrep[[#This Row],[Sample (uL) ]]=0, (NMRResults[[#This Row],[IS Protons]]/NMRResults[[#This Row],[NH4 Protons]])*(NMRResults[[#This Row],[NH4 Peak Area]]/NMRResults[[#This Row],[IS Area]])*NMRResults[[#This Row],[IS Concentration (mM)]]*(NMRPrep[[#This Row],[Total (uL) ]]/SUM(NMRPrep[[#This Row],[DI (uL) ]:[ NH4Cl (uL)]])), IFERROR((NMRResults[[#This Row],[IS Protons]]/NMRResults[[#This Row],[NH4 Protons]])*(NMRResults[[#This Row],[NH4 Peak Area]]/NMRResults[[#This Row],[IS Area]])*NMRResults[[#This Row],[IS Concentration (mM)]]*(NMRPrep[[#This Row],[Total (uL) ]]/NMRPrep[[#This Row],[Sample (uL) ]]),0)), ) -> 0.72794118 | H43: =IF(ISBLANK(NMRPrep[[#This Row],[Total (uL) ]]), 0, NMRPrep[[#This Row],[1mM Maleic Acid (uL) ]]/NMRPrep[[#This Row],[Total (uL) ]]) -> 0.077279753 | I43: =2 -> 2 | J43: =4 -> 4 | K43: =1 -> 1
A44: =Sampling!D44 -> 46100 | B44: {=IF(ISBLANK(INDEX(SampleList[NMR],ROW()-1)),"Not Requested",INDEX(SampleList[Experiment ID],ROW()-1))} -> HPHT_096 | C44: =SampleList[[#This Row],[Duration (Days)]] -> 13 | D44: =NMRPrep[[#This Row],['#]] -> 2 | E44: 46101 | F44: 0.76 | G44: =IFERROR(IF(NMRPrep[[#This Row],[Sample (uL) ]]=0, (NMRResults[[#This Row],[IS Protons]]/NMRResults[[#This Row],[NH4 Protons]])*(NMRResults[[#This Row],[NH4 Peak Area]]/NMRResults[[#This Row],[IS Area]])*NMRResults[[#This Row],[IS Concentration (mM)]]*(NMRPrep[[#This Row],[Total (uL) ]]/SUM(NMRPrep[[#This Row],[DI (uL) ]:[ NH4Cl (uL)]])), IFERROR((NMRResults[[#This Row],[IS Protons]]/NMRResults[[#This Row],[NH4 Protons]])*(NMRResults[[#This Row],[NH4 Peak Area]]/NMRResults[[#This Row],[IS Area]])*NMRResults[[#This Row],[IS Concentration (mM)]]*(NMRPrep[[#This Row],[Total (uL) ]]/NMRPrep[[#This Row],[Sample (uL) ]]),0)), ) -> 0.27941176 | H44: =IF(ISBLANK(NMRPrep[[#This Row],[Total (uL) ]]), 0, NMRPrep[[#This Row],[1mM Maleic Acid (uL) ]]/NMRPrep[[#This Row],[Total (uL) ]]) -> 0.077279753 | I44: =2 -> 2 | J44: =4 -> 4 | K44: =1 -> 1
A45: =Sampling!D45 -> 46100 | B45: {=IF(ISBLANK(INDEX(SampleList[NMR],ROW()-1)),"Not Requested",INDEX(SampleList[Experiment ID],ROW()-1))} -> Not Requested | C45: =SampleList[[#This Row],[Duration (Days)]] -> 42 | D45: =NMRPrep[[#This Row],['#]] -> 0 | G45: =IFERROR(IF(NMRPrep[[#This Row],[Sample (uL) ]]=0, (NMRResults[[#This Row],[IS Protons]]/NMRResults[[#This Row],[NH4 Protons]])*(NMRResults[[#This Row],[NH4 Peak Area]]/NMRResults[[#This Row],[IS Area]])*NMRResults[[#This Row],[IS Concentration (mM)]]*(NMRPrep[[#This Row],[Total (uL) ]]/SUM(NMRPrep[[#This Row],[DI (uL) ]:[ NH4Cl (uL)]])), IFERROR((NMRResults[[#This Row],[IS Protons]]/NMRResults[[#This Row],[NH4 Protons]])*(NMRResults[[#This Row],[NH4 Peak Area]]/NMRResults[[#This Row],[IS Area]])*NMRResults[[#This Row],[IS Concentration (mM)]]*(NMRPrep[[#This Row],[Total (uL) ]]/NMRPrep[[#This Row],[Sample (uL) ]]),0)), ) -> 0 | H45: =IF(ISBLANK(NMRPrep[[#This Row],[Total (uL) ]]), 0, NMRPrep[[#This Row],[1mM Maleic Acid (uL) ]]/NMRPrep[[#This Row],[Total (uL) ]]) -> #DIV/0! | I45: =2 -> 2 | J45: =4 -> 4 | K45: =1 -> 1
A46: =Sampling!D46 -> 46101 | B46: {=IF(ISBLANK(INDEX(SampleList[NMR],ROW()-1)),"Not Requested",INDEX(SampleList[Experiment ID],ROW()-1))} -> HPHT_097 | C46: =SampleList[[#This Row],[Duration (Days)]] -> 8 | D46: =NMRPrep[[#This Row],['#]] -> 3 | E46: 46101 | F46: 2.29 | G46: =IFERROR(IF(NMRPrep[[#This Row],[Sample (uL) ]]=0, (NMRResults[[#This Row],[IS Protons]]/NMRResults[[#This Row],[NH4 Protons]])*(NMRResults[[#This Row],[NH4 Peak Area]]/NMRResults[[#This Row],[IS Area]])*NMRResults[[#This Row],[IS Concentration (mM)]]*(NMRPrep[[#This Row],[Total (uL) ]]/SUM(NMRPrep[[#This Row],[DI (uL) ]:[ NH4Cl (uL)]])), IFERROR((NMRResults[[#This Row],[IS Protons]]/NMRResults[[#This Row],[NH4 Protons]])*(NMRResults[[#This Row],[NH4 Peak Area]]/NMRResults[[#This Row],[IS Area]])*NMRResults[[#This Row],[IS Concentration (mM)]]*(NMRPrep[[#This Row],[Total (uL) ]]/NMRPrep[[#This Row],[Sample (uL) ]]),0)), ) -> 0.84191176 | H46: =IF(ISBLANK(NMRPrep[[#This Row],[Total (uL) ]]), 0, NMRPrep[[#This Row],[1mM Maleic Acid (uL) ]]/NMRPrep[[#This Row],[Total (uL) ]]) -> 0.077279753 | I46: =2 -> 2 | J46: =4 -> 4 | K46: =1 -> 1
A47: =Sampling!D47 -> 46101 | B47: {=IF(ISBLANK(INDEX(SampleList[NMR],ROW()-1)),"Not Requested",INDEX(SampleList[Experiment ID],ROW()-1))} -> HPHT_105 | C47: =Sampling!E47 -> 3 | D47: =NMRPrep[[#This Row],['#]] -> 4 | E47: 46101 | F47: 1.72 | G47: =IFERROR(IF(NMRPrep[[#This Row],[Sample (uL) ]]=0, (NMRResults[[#This Row],[IS Protons]]/NMRResults[[#This Row],[NH4 Protons]])*(NMRResults[[#This Row],[NH4 Peak Area]]/NMRResults[[#This Row],[IS Area]])*NMRResults[[#This Row],[IS Concentration (mM)]]*(NMRPrep[[#This Row],[Total (uL) ]]/SUM(NMRPrep[[#This Row],[DI (uL) ]:[ NH4Cl (uL)]])), IFERROR((NMRResults[[#This Row],[IS Protons]]/NMRResults[[#This Row],[NH4 Protons]])*(NMRResults[[#This Row],[NH4 Peak Area]]/NMRResults[[#This Row],[IS Area]])*NMRResults[[#This Row],[IS Concentration (mM)]]*(NMRPrep[[#This Row],[Total (uL) ]]/NMRPrep[[#This Row],[Sample (uL) ]]),0)), ) -> 0.63235294 | H47: =IF(ISBLANK(NMRPrep[[#This Row],[Total (uL) ]]), 0, NMRPrep[[#This Row],[1mM Maleic Acid (uL) ]]/NMRPrep[[#This Row],[Total (uL) ]]) -> 0.077279753 | I47: =2 -> 2 | J47: =4 -> 4 | K47: =1 -> 1
A48: =Sampling!D48 -> 46101 | B48: {=IF(ISBLANK(INDEX(SampleList[NMR],ROW()-1)),"Not Requested",INDEX(SampleList[Experiment ID],ROW()-1))} -> 150uL NMR Standard | C48: =SampleList[[#This Row],[Duration (Days)]] -> 0 | D48: =NMRPrep[[#This Row],['#]] -> 5 | E48: 46101 | F48: 6.61 | G48: =IFERROR(IF(NMRPrep[[#This Row],[Sample (uL) ]]=0, (NMRResults[[#This Row],[IS Protons]]/NMRResults[[#This Row],[NH4 Protons]])*(NMRResults[[#This Row],[NH4 Peak Area]]/NMRResults[[#This Row],[IS Area]])*NMRResults[[#This Row],[IS Concentration (mM)]]*(NMRPrep[[#This Row],[Total (uL) ]]/SUM(NMRPrep[[#This Row],[DI (uL) ]:[ NH4Cl (uL)]])), IFERROR((NMRResults[[#This Row],[IS Protons]]/NMRResults[[#This Row],[NH4 Protons]])*(NMRResults[[#This Row],[NH4 Peak Area]]/NMRResults[[#This Row],[IS Area]])*NMRResults[[#This Row],[IS Concentration (mM)]]*(NMRPrep[[#This Row],[Total (uL) ]]/NMRPrep[[#This Row],[Sample (uL) ]]),0)), ) -> 0.37302483 | H48: =IF(ISBLANK(NMRPrep[[#This Row],[Total (uL) ]]), 0, NMRPrep[[#This Row],[1mM Maleic Acid (uL) ]]/NMRPrep[[#This Row],[Total (uL) ]]) -> 0.077279753 | I48: =2 -> 2 | J48: =4 -> 4 | K48: =1 -> 1
A49: =Sampling!D49 -> 46104 | B49: {=IF(ISBLANK(INDEX(SampleList[NMR],ROW()-1)),"Not Requested",INDEX(SampleList[Experiment ID],ROW()-1))} -> HPHT_096 | C49: =Sampling!E49 -> 17 | D49: =NMRPrep[[#This Row],['#]] -> 0 | G49: =IFERROR(IF(NMRPrep[[#This Row],[Sample (uL) ]]=0, (NMRResults[[#This Row],[IS Protons]]/NMRResults[[#This Row],[NH4 Protons]])*(NMRResults[[#This Row],[NH4 Peak Area]]/NMRResults[[#This Row],[IS Area]])*NMRResults[[#This Row],[IS Concentration (mM)]]*(NMRPrep[[#This Row],[Total (uL) ]]/SUM(NMRPrep[[#This Row],[DI (uL) ]:[ NH4Cl (uL)]])), IFERROR((NMRResults[[#This Row],[IS Protons]]/NMRResults[[#This Row],[NH4 Protons]])*(NMRResults[[#This Row],[NH4 Peak Area]]/NMRResults[[#This Row],[IS Area]])*NMRResults[[#This Row],[IS Concentration (mM)]]*(NMRPrep[[#This Row],[Total (uL) ]]/NMRPrep[[#This Row],[Sample (uL) ]]),0)), ) -> 0 | H49: =IF(ISBLANK(NMRPrep[[#This Row],[Total (uL) ]]), 0, NMRPrep[[#This Row],[1mM Maleic Acid (uL) ]]/NMRPrep[[#This Row],[Total (uL) ]]) -> #DIV/0! | I49: =2 -> 2 | J49: =4 -> 4 | K49: =1 -> 1
A50: =Sampling!D50 -> 46104 | B50: {=IF(ISBLANK(INDEX(SampleList[NMR],ROW()-1)),"Not Requested",INDEX(SampleList[Experiment ID],ROW()-1))} -> HPHT_089 | C50: =Sampling!E50 -> 7 | D50: =NMRPrep[[#This Row],['#]] -> 0 | G50: =IFERROR(IF(NMRPrep[[#This Row],[Sample (uL) ]]=0, (NMRResults[[#This Row],[IS Protons]]/NMRResults[[#This Row],[NH4 Protons]])*(NMRResults[[#This Row],[NH4 Peak Area]]/NMRResults[[#This Row],[IS Area]])*NMRResults[[#This Row],[IS Concentration (mM)]]*(NMRPrep[[#This Row],[Total (uL) ]]/SUM(NMRPrep[[#This Row],[DI (uL) ]:[ NH4Cl (uL)]])), IFERROR((NMRResults[[#This Row],[IS Protons]]/NMRResults[[#This Row],[NH4 Protons]])*(NMRResults[[#This Row],[NH4 Peak Area]]/NMRResults[[#This Row],[IS Area]])*NMRResults[[#This Row],[IS Concentration (mM)]]*(NMRPrep[[#This Row],[Total (uL) ]]/NMRPrep[[#This Row],[Sample (uL) ]]),0)), ) -> 0 | H50: =IF(ISBLANK(NMRPrep[[#This Row],[Total (uL) ]]), 0, NMRPrep[[#This Row],[1mM Maleic Acid (uL) ]]/NMRPrep[[#This Row],[Total (uL) ]]) -> #DIV/0! | I50: =2 -> 2 | J50: =4 -> 4 | K50: =1 -> 1
A51: =Sampling!D51 -> 46104 | B51: {=IF(ISBLANK(INDEX(SampleList[NMR],ROW()-1)),"Not Requested",INDEX(SampleList[Experiment ID],ROW()-1))} -> Not Requested | C51: =Sampling!E51 -> 46 | D51: =NMRPrep[[#This Row],['#]] -> 0 | G51: =IFERROR(IF(NMRPrep[[#This Row],[Sample (uL) ]]=0, (NMRResults[[#This Row],[IS Protons]]/NMRResults[[#This Row],[NH4 Protons]])*(NMRResults[[#This Row],[NH4 Peak Area]]/NMRResults[[#This Row],[IS Area]])*NMRResults[[#This Row],[IS Concentration (mM)]]*(NMRPrep[[#This Row],[Total (uL) ]]/SUM(NMRPrep[[#This Row],[DI (uL) ]:[ NH4Cl (uL)]])), IFERROR((NMRResults[[#This Row],[IS Protons]]/NMRResults[[#This Row],[NH4 Protons]])*(NMRResults[[#This Row],[NH4 Peak Area]]/NMRResults[[#This Row],[IS Area]])*NMRResults[[#This Row],[IS Concentration (mM)]]*(NMRPrep[[#This Row],[Total (uL) ]]/NMRPrep[[#This Row],[Sample (uL) ]]),0)), ) -> 0 | H51: =IF(ISBLANK(NMRPrep[[#This Row],[Total (uL) ]]), 0, NMRPrep[[#This Row],[1mM Maleic Acid (uL) ]]/NMRPrep[[#This Row],[Total (uL) ]]) -> #DIV/0! | I51: =2 -> 2 | J51: =4 -> 4 | K51: =1 -> 1
A52: =Sampling!D52 -> 46104 | B52: {=IF(ISBLANK(INDEX(SampleList[NMR],ROW()-1)),"Not Requested",INDEX(SampleList[Experiment ID],ROW()-1))} -> HPHT_097 | C52: =Sampling!E52 -> 11 | D52: =NMRPrep[[#This Row],['#]] -> 0 | G52: =IFERROR(IF(NMRPrep[[#This Row],[Sample (uL) ]]=0, (NMRResults[[#This Row],[IS Protons]]/NMRResults[[#This Row],[NH4 Protons]])*(NMRResults[[#This Row],[NH4 Peak Area]]/NMRResults[[#This Row],[IS Area]])*NMRResults[[#This Row],[IS Concentration (mM)]]*(NMRPrep[[#This Row],[Total (uL) ]]/SUM(NMRPrep[[#This Row],[DI (uL) ]:[ NH4Cl (uL)]])), IFERROR((NMRResults[[#This Row],[IS Protons]]/NMRResults[[#This Row],[NH4 Protons]])*(NMRResults[[#This Row],[NH4 Peak Area]]/NMRResults[[#This Row],[IS Area]])*NMRResults[[#This Row],[IS Concentration (mM)]]*(NMRPrep[[#This Row],[Total (uL) ]]/NMRPrep[[#This Row],[Sample (uL) ]]),0)), ) -> 0 | H52: =IF(ISBLANK(NMRPrep[[#This Row],[Total (uL) ]]), 0, NMRPrep[[#This Row],[1mM Maleic Acid (uL) ]]/NMRPrep[[#This Row],[Total (uL) ]]) -> #DIV/0! | I52: =2 -> 2 | J52: =4 -> 4 | K52: =1 -> 1
A53: =Sampling!D53 -> 46104 | B53: {=IF(ISBLANK(INDEX(SampleList[NMR],ROW()-1)),"Not Requested",INDEX(SampleList[Experiment ID],ROW()-1))} -> HPHT_103 | C53: =Sampling!E53 -> 3 | D53: =NMRPrep[[#This Row],['#]] -> 0 | G53: =IFERROR(IF(NMRPrep[[#This Row],[Sample (uL) ]]=0, (NMRResults[[#This Row],[IS Protons]]/NMRResults[[#This Row],[NH4 Protons]])*(NMRResults[[#This Row],[NH4 Peak Area]]/NMRResults[[#This Row],[IS Area]])*NMRResults[[#This Row],[IS Concentration (mM)]]*(NMRPrep[[#This Row],[Total (uL) ]]/SUM(NMRPrep[[#This Row],[DI (uL) ]:[ NH4Cl (uL)]])), IFERROR((NMRResults[[#This Row],[IS Protons]]/NMRResults[[#This Row],[NH4 Protons]])*(NMRResults[[#This Row],[NH4 Peak Area]]/NMRResults[[#This Row],[IS Area]])*NMRResults[[#This Row],[IS Concentration (mM)]]*(NMRPrep[[#This Row],[Total (uL) ]]/NMRPrep[[#This Row],[Sample (uL) ]]),0)), ) -> 0 | H53: =IF(ISBLANK(NMRPrep[[#This Row],[Total (uL) ]]), 0, NMRPrep[[#This Row],[1mM Maleic Acid (uL) ]]/NMRPrep[[#This Row],[Total (uL) ]]) -> #DIV/0! | I53: =2 -> 2 | J53: =4 -> 4 | K53: =1 -> 1
A54: =Sampling!D54 -> 46104 | B54: {=IF(ISBLANK(INDEX(SampleList[NMR],ROW()-1)),"Not Requested",INDEX(SampleList[Experiment ID],ROW()-1))} -> HPHT_104 | C54: =Sampling!E54 -> 3 | D54: =NMRPrep[[#This Row],['#]] -> 0 | G54: =IFERROR(IF(NMRPrep[[#This Row],[Sample (uL) ]]=0, (NMRResults[[#This Row],[IS Protons]]/NMRResults[[#This Row],[NH4 Protons]])*(NMRResults[[#This Row],[NH4 Peak Area]]/NMRResults[[#This Row],[IS Area]])*NMRResults[[#This Row],[IS Concentration (mM)]]*(NMRPrep[[#This Row],[Total (uL) ]]/SUM(NMRPrep[[#This Row],[DI (uL) ]:[ NH4Cl (uL)]])), IFERROR((NMRResults[[#This Row],[IS Protons]]/NMRResults[[#This Row],[NH4 Protons]])*(NMRResults[[#This Row],[NH4 Peak Area]]/NMRResults[[#This Row],[IS Area]])*NMRResults[[#This Row],[IS Concentration (mM)]]*(NMRPrep[[#This Row],[Total (uL) ]]/NMRPrep[[#This Row],[Sample (uL) ]]),0)), ) -> 0 | H54: =IF(ISBLANK(NMRPrep[[#This Row],[Total (uL) ]]), 0, NMRPrep[[#This Row],[1mM Maleic Acid (uL) ]]/NMRPrep[[#This Row],[Total (uL) ]]) -> #DIV/0! | I54: =2 -> 2 | J54: =4 -> 4 | K54: =1 -> 1
A55: =Sampling!D55 -> 46104 | B55: {=IF(ISBLANK(INDEX(SampleList[NMR],ROW()-1)),"Not Requested",INDEX(SampleList[Experiment ID],ROW()-1))} -> HPHT_107 | C55: =Sampling!E55 -> 3 | D55: =NMRPrep[[#This Row],['#]] -> 0 | G55: =IFERROR(IF(NMRPrep[[#This Row],[Sample (uL) ]]=0, (NMRResults[[#This Row],[IS Protons]]/NMRResults[[#This Row],[NH4 Protons]])*(NMRResults[[#This Row],[NH4 Peak Area]]/NMRResults[[#This Row],[IS Area]])*NMRResults[[#This Row],[IS Concentration (mM)]]*(NMRPrep[[#This Row],[Total (uL) ]]/SUM(NMRPrep[[#This Row],[DI (uL) ]:[ NH4Cl (uL)]])), IFERROR((NMRResults[[#This Row],[IS Protons]]/NMRResults[[#This Row],[NH4 Protons]])*(NMRResults[[#This Row],[NH4 Peak Area]]/NMRResults[[#This Row],[IS Area]])*NMRResults[[#This Row],[IS Concentration (mM)]]*(NMRPrep[[#This Row],[Total (uL) ]]/NMRPrep[[#This Row],[Sample (uL) ]]),0)), ) -> 0 | H55: =IF(ISBLANK(NMRPrep[[#This Row],[Total (uL) ]]), 0, NMRPrep[[#This Row],[1mM Maleic Acid (uL) ]]/NMRPrep[[#This Row],[Total (uL) ]]) -> #DIV/0! | I55: =2 -> 2 | J55: =4 -> 4 | K55: =1 -> 1
A56: =Sampling!D56 -> 0 | B56: {=IF(ISBLANK(INDEX(SampleList[NMR],ROW()-1)),"Not Requested",INDEX(SampleList[Experiment ID],ROW()-1))} -> Not Requested | C56: =Sampling!E56 -> 0 | D56: =NMRPrep[[#This Row],['#]] -> 0 | G56: =IFERROR(IF(NMRPrep[[#This Row],[Sample (uL) ]]=0, (NMRResults[[#This Row],[IS Protons]]/NMRResults[[#This Row],[NH4 Protons]])*(NMRResults[[#This Row],[NH4 Peak Area]]/NMRResults[[#This Row],[IS Area]])*NMRResults[[#This Row],[IS Concentration (mM)]]*(NMRPrep[[#This Row],[Total (uL) ]]/SUM(NMRPrep[[#This Row],[DI (uL) ]:[ NH4Cl (uL)]])), IFERROR((NMRResults[[#This Row],[IS Protons]]/NMRResults[[#This Row],[NH4 Protons]])*(NMRResults[[#This Row],[NH4 Peak Area]]/NMRResults[[#This Row],[IS Area]])*NMRResults[[#This Row],[IS Concentration (mM)]]*(NMRPrep[[#This Row],[Total (uL) ]]/NMRPrep[[#This Row],[Sample (uL) ]]),0)), ) -> 0 | H56: =IF(ISBLANK(NMRPrep[[#This Row],[Total (uL) ]]), 0, NMRPrep[[#This Row],[1mM Maleic Acid (uL) ]]/NMRPrep[[#This Row],[Total (uL) ]]) -> #DIV/0! | I56: =2 -> 2 | J56: =4 -> 4 | K56: =1 -> 1
A57: =Sampling!D57 -> 0 | B57: {=IF(ISBLANK(INDEX(SampleList[NMR],ROW()-1)),"Not Requested",INDEX(SampleList[Experiment ID],ROW()-1))} -> Not Requested | C57: =Sampling!E57 -> 0 | D57: =NMRPrep[[#This Row],['#]] -> 0 | G57: =IFERROR(IF(NMRPrep[[#This Row],[Sample (uL) ]]=0, (NMRResults[[#This Row],[IS Protons]]/NMRResults[[#This Row],[NH4 Protons]])*(NMRResults[[#This Row],[NH4 Peak Area]]/NMRResults[[#This Row],[IS Area]])*NMRResults[[#This Row],[IS Concentration (mM)]]*(NMRPrep[[#This Row],[Total (uL) ]]/SUM(NMRPrep[[#This Row],[DI (uL) ]:[ NH4Cl (uL)]])), IFERROR((NMRResults[[#This Row],[IS Protons]]/NMRResults[[#This Row],[NH4 Protons]])*(NMRResults[[#This Row],[NH4 Peak Area]]/NMRResults[[#This Row],[IS Area]])*NMRResults[[#This Row],[IS Concentration (mM)]]*(NMRPrep[[#This Row],[Total (uL) ]]/NMRPrep[[#This Row],[Sample (uL) ]]),0)), ) -> 0 | H57: =IF(ISBLANK(NMRPrep[[#This Row],[Total (uL) ]]), 0, NMRPrep[[#This Row],[1mM Maleic Acid (uL) ]]/NMRPrep[[#This Row],[Total (uL) ]]) -> #DIV/0! | I57: =2 -> 2 | J57: =4 -> 4 | K57: =1 -> 1
A58: =Sampling!D58 -> 0 | B58: {=IF(ISBLANK(INDEX(SampleList[NMR],ROW()-1)),"Not Requested",INDEX(SampleList[Experiment ID],ROW()-1))} -> Not Requested | C58: =Sampling!E58 -> 0 | D58: =NMRPrep[[#This Row],['#]] -> 0 | G58: =IFERROR(IF(NMRPrep[[#This Row],[Sample (uL) ]]=0, (NMRResults[[#This Row],[IS Protons]]/NMRResults[[#This Row],[NH4 Protons]])*(NMRResults[[#This Row],[NH4 Peak Area]]/NMRResults[[#This Row],[IS Area]])*NMRResults[[#This Row],[IS Concentration (mM)]]*(NMRPrep[[#This Row],[Total (uL) ]]/SUM(NMRPrep[[#This Row],[DI (uL) ]:[ NH4Cl (uL)]])), IFERROR((NMRResults[[#This Row],[IS Protons]]/NMRResults[[#This Row],[NH4 Protons]])*(NMRResults[[#This Row],[NH4 Peak Area]]/NMRResults[[#This Row],[IS Area]])*NMRResults[[#This Row],[IS Concentration (mM)]]*(NMRPrep[[#This Row],[Total (uL) ]]/NMRPrep[[#This Row],[Sample (uL) ]]),0)), ) -> 0 | H58: =IF(ISBLANK(NMRPrep[[#This Row],[Total (uL) ]]), 0, NMRPrep[[#This Row],[1mM Maleic Acid (uL) ]]/NMRPrep[[#This Row],[Total (uL) ]]) -> #DIV/0! | I58: =2 -> 2 | J58: =4 -> 4 | K58: =1 -> 1
A59: =Sampling!D59 -> 0 | B59: {=IF(ISBLANK(INDEX(SampleList[NMR],ROW()-1)),"Not Requested",INDEX(SampleList[Experiment ID],ROW()-1))} -> Not Requested | C59: =Sampling!E59 -> 0 | D59: =NMRPrep[[#This Row],['#]] -> 0 | G59: =IFERROR(IF(NMRPrep[[#This Row],[Sample (uL) ]]=0, (NMRResults[[#This Row],[IS Protons]]/NMRResults[[#This Row],[NH4 Protons]])*(NMRResults[[#This Row],[NH4 Peak Area]]/NMRResults[[#This Row],[IS Area]])*NMRResults[[#This Row],[IS Concentration (mM)]]*(NMRPrep[[#This Row],[Total (uL) ]]/SUM(NMRPrep[[#This Row],[DI (uL) ]:[ NH4Cl (uL)]])), IFERROR((NMRResults[[#This Row],[IS Protons]]/NMRResults[[#This Row],[NH4 Protons]])*(NMRResults[[#This Row],[NH4 Peak Area]]/NMRResults[[#This Row],[IS Area]])*NMRResults[[#This Row],[IS Concentration (mM)]]*(NMRPrep[[#This Row],[Total (uL) ]]/NMRPrep[[#This Row],[Sample (uL) ]]),0)), ) -> 0 | H59: =IF(ISBLANK(NMRPrep[[#This Row],[Total (uL) ]]), 0, NMRPrep[[#This Row],[1mM Maleic Acid (uL) ]]/NMRPrep[[#This Row],[Total (uL) ]]) -> #DIV/0! | I59: =2 -> 2 | J59: =4 -> 4 | K59: =1 -> 1
A60: =Sampling!D60 -> 0 | B60: {=IF(ISBLANK(INDEX(SampleList[NMR],ROW()-1)),"Not Requested",INDEX(SampleList[Experiment ID],ROW()-1))} -> Not Requested | C60: =Sampling!E60 -> 0 | D60: =NMRPrep[[#This Row],['#]] -> 0 | G60: =IFERROR(IF(NMRPrep[[#This Row],[Sample (uL) ]]=0, (NMRResults[[#This Row],[IS Protons]]/NMRResults[[#This Row],[NH4 Protons]])*(NMRResults[[#This Row],[NH4 Peak Area]]/NMRResults[[#This Row],[IS Area]])*NMRResults[[#This Row],[IS Concentration (mM)]]*(NMRPrep[[#This Row],[Total (uL) ]]/SUM(NMRPrep[[#This Row],[DI (uL) ]:[ NH4Cl (uL)]])), IFERROR((NMRResults[[#This Row],[IS Protons]]/NMRResults[[#This Row],[NH4 Protons]])*(NMRResults[[#This Row],[NH4 Peak Area]]/NMRResults[[#This Row],[IS Area]])*NMRResults[[#This Row],[IS Concentration (mM)]]*(NMRPrep[[#This Row],[Total (uL) ]]/NMRPrep[[#This Row],[Sample (uL) ]]),0)), ) -> 0 | H60: =IF(ISBLANK(NMRPrep[[#This Row],[Total (uL) ]]), 0, NMRPrep[[#This Row],[1mM Maleic Acid (uL) ]]/NMRPrep[[#This Row],[Total (uL) ]]) -> #DIV/0! | I60: =2 -> 2 | J60: =4 -> 4 | K60: =1 -> 1
... A237: =Sampling!D237 -> 0 | B237: {=IF(ISBLANK(INDEX(SampleList[NMR],ROW()-1)),"Not Requested",INDEX(SampleList[Experiment ID],ROW()-1))} -> Not Requested | C237: =Sampling!E237 -> 0 | D237: =NMRPrep[[#This Row],['#]] -> 0 | G237: =IFERROR(IF(NMRPrep[[#This Row],[Sample (uL) ]]=0, (NMRResults[[#This Row],[IS Protons]]/NMRResults[[#This Row],[NH4 Protons]])*(NMRResults[[#This Row],[NH4 Peak Area]]/NMRResults[[#This Row],[IS Area]])*NMRResults[[#This Row],[IS Concentration (mM)]]*(NMRPrep[[#This Row],[Total (uL) ]]/SUM(NMRPrep[[#This Row],[DI (uL) ]:[ NH4Cl (uL)]])), IFERROR((NMRResults[[#This Row],[IS Protons]]/NMRResults[[#This Row],[NH4 Protons]])*(NMRResults[[#This Row],[NH4 Peak Area]]/NMRResults[[#This Row],[IS Area]])*NMRResults[[#This Row],[IS Concentration (mM)]]*(NMRPrep[[#This Row],[Total (uL) ]]/NMRPrep[[#This Row],[Sample (uL) ]]),0)), ) -> 0 | H237: =IF(ISBLANK(NMRPrep[[#This Row],[Total (uL) ]]), 0, NMRPrep[[#This Row],[1mM Maleic Acid (uL) ]]/NMRPrep[[#This Row],[Total (uL) ]]) -> #DIV/0! | I237: =2 -> 2 | J237: =4 -> 4 | K237: =1 -> 1
A238: =Sampling!D238 -> 0 | B238: {=IF(ISBLANK(INDEX(SampleList[NMR],ROW()-1)),"Not Requested",INDEX(SampleList[Experiment ID],ROW()-1))} -> Not Requested | C238: =Sampling!E236 -> 0 | D238: =NMRPrep[[#This Row],['#]] -> 0 | G238: =IFERROR(IF(NMRPrep[[#This Row],[Sample (uL) ]]=0, (NMRResults[[#This Row],[IS Protons]]/NMRResults[[#This Row],[NH4 Protons]])*(NMRResults[[#This Row],[NH4 Peak Area]]/NMRResults[[#This Row],[IS Area]])*NMRResults[[#This Row],[IS Concentration (mM)]]*(NMRPrep[[#This Row],[Total (uL) ]]/SUM(NMRPrep[[#This Row],[DI (uL) ]:[ NH4Cl (uL)]])), IFERROR((NMRResults[[#This Row],[IS Protons]]/NMRResults[[#This Row],[NH4 Protons]])*(NMRResults[[#This Row],[NH4 Peak Area]]/NMRResults[[#This Row],[IS Area]])*NMRResults[[#This Row],[IS Concentration (mM)]]*(NMRPrep[[#This Row],[Total (uL) ]]/NMRPrep[[#This Row],[Sample (uL) ]]),0)), ) -> 0 | H238: =IF(ISBLANK(NMRPrep[[#This Row],[Total (uL) ]]), 0, NMRPrep[[#This Row],[1mM Maleic Acid (uL) ]]/NMRPrep[[#This Row],[Total (uL) ]]) -> #DIV/0! | I238: =2 -> 2 | J238: =4 -> 4 | K238: =1 -> 1
A239: =Sampling!D239 -> 0 | B239: {=IF(ISBLANK(INDEX(SampleList[NMR],ROW()-1)),"Not Requested",INDEX(SampleList[Experiment ID],ROW()-1))} -> Not Requested | C239: =Sampling!E237 -> 0 | D239: =NMRPrep[[#This Row],['#]] -> 0 | G239: =IFERROR(IF(NMRPrep[[#This Row],[Sample (uL) ]]=0, (NMRResults[[#This Row],[IS Protons]]/NMRResults[[#This Row],[NH4 Protons]])*(NMRResults[[#This Row],[NH4 Peak Area]]/NMRResults[[#This Row],[IS Area]])*NMRResults[[#This Row],[IS Concentration (mM)]]*(NMRPrep[[#This Row],[Total (uL) ]]/SUM(NMRPrep[[#This Row],[DI (uL) ]:[ NH4Cl (uL)]])), IFERROR((NMRResults[[#This Row],[IS Protons]]/NMRResults[[#This Row],[NH4 Protons]])*(NMRResults[[#This Row],[NH4 Peak Area]]/NMRResults[[#This Row],[IS Area]])*NMRResults[[#This Row],[IS Concentration (mM)]]*(NMRPrep[[#This Row],[Total (uL) ]]/NMRPrep[[#This Row],[Sample (uL) ]]),0)), ) -> 0 | H239: =IF(ISBLANK(NMRPrep[[#This Row],[Total (uL) ]]), 0, NMRPrep[[#This Row],[1mM Maleic Acid (uL) ]]/NMRPrep[[#This Row],[Total (uL) ]]) -> #DIV/0! | I239: =2 -> 2 | J239: =4 -> 4 | K239: =1 -> 1
A240: =Sampling!D240 -> 0 | B240: {=IF(ISBLANK(INDEX(SampleList[NMR],ROW()-1)),"Not Requested",INDEX(SampleList[Experiment ID],ROW()-1))} -> Not Requested | C240: =Sampling!E238 -> 0 | D240: =NMRPrep[[#This Row],['#]] -> 0 | G240: =IFERROR(IF(NMRPrep[[#This Row],[Sample (uL) ]]=0, (NMRResults[[#This Row],[IS Protons]]/NMRResults[[#This Row],[NH4 Protons]])*(NMRResults[[#This Row],[NH4 Peak Area]]/NMRResults[[#This Row],[IS Area]])*NMRResults[[#This Row],[IS Concentration (mM)]]*(NMRPrep[[#This Row],[Total (uL) ]]/SUM(NMRPrep[[#This Row],[DI (uL) ]:[ NH4Cl (uL)]])), IFERROR((NMRResults[[#This Row],[IS Protons]]/NMRResults[[#This Row],[NH4 Protons]])*(NMRResults[[#This Row],[NH4 Peak Area]]/NMRResults[[#This Row],[IS Area]])*NMRResults[[#This Row],[IS Concentration (mM)]]*(NMRPrep[[#This Row],[Total (uL) ]]/NMRPrep[[#This Row],[Sample (uL) ]]),0)), ) -> 0 | H240: =IF(ISBLANK(NMRPrep[[#This Row],[Total (uL) ]]), 0, NMRPrep[[#This Row],[1mM Maleic Acid (uL) ]]/NMRPrep[[#This Row],[Total (uL) ]]) -> #DIV/0! | I240: =2 -> 2 | J240: =4 -> 4 | K240: =1 -> 1
A241: =Sampling!D241 -> 0 | B241: {=IF(ISBLANK(INDEX(SampleList[NMR],ROW()-1)),"Not Requested",INDEX(SampleList[Experiment ID],ROW()-1))} -> Not Requested | C241: =Sampling!E239 -> 0 | D241: =NMRPrep[[#This Row],['#]] -> 0 | G241: =IFERROR(IF(NMRPrep[[#This Row],[Sample (uL) ]]=0, (NMRResults[[#This Row],[IS Protons]]/NMRResults[[#This Row],[NH4 Protons]])*(NMRResults[[#This Row],[NH4 Peak Area]]/NMRResults[[#This Row],[IS Area]])*NMRResults[[#This Row],[IS Concentration (mM)]]*(NMRPrep[[#This Row],[Total (uL) ]]/SUM(NMRPrep[[#This Row],[DI (uL) ]:[ NH4Cl (uL)]])), IFERROR((NMRResults[[#This Row],[IS Protons]]/NMRResults[[#This Row],[NH4 Protons]])*(NMRResults[[#This Row],[NH4 Peak Area]]/NMRResults[[#This Row],[IS Area]])*NMRResults[[#This Row],[IS Concentration (mM)]]*(NMRPrep[[#This Row],[Total (uL) ]]/NMRPrep[[#This Row],[Sample (uL) ]]),0)), ) -> 0 | H241: =IF(ISBLANK(NMRPrep[[#This Row],[Total (uL) ]]), 0, NMRPrep[[#This Row],[1mM Maleic Acid (uL) ]]/NMRPrep[[#This Row],[Total (uL) ]]) -> #DIV/0! | I241: =2 -> 2 | J241: =4 -> 4 | K241: =1 -> 1
A242: =Sampling!D242 -> 0 | B242: {=IF(ISBLANK(INDEX(SampleList[NMR],ROW()-1)),"Not Requested",INDEX(SampleList[Experiment ID],ROW()-1))} -> Not Requested | C242: =Sampling!E240 -> 0 | D242: =NMRPrep[[#This Row],['#]] -> 0 | G242: =IFERROR(IF(NMRPrep[[#This Row],[Sample (uL) ]]=0, (NMRResults[[#This Row],[IS Protons]]/NMRResults[[#This Row],[NH4 Protons]])*(NMRResults[[#This Row],[NH4 Peak Area]]/NMRResults[[#This Row],[IS Area]])*NMRResults[[#This Row],[IS Concentration (mM)]]*(NMRPrep[[#This Row],[Total (uL) ]]/SUM(NMRPrep[[#This Row],[DI (uL) ]:[ NH4Cl (uL)]])), IFERROR((NMRResults[[#This Row],[IS Protons]]/NMRResults[[#This Row],[NH4 Protons]])*(NMRResults[[#This Row],[NH4 Peak Area]]/NMRResults[[#This Row],[IS Area]])*NMRResults[[#This Row],[IS Concentration (mM)]]*(NMRPrep[[#This Row],[Total (uL) ]]/NMRPrep[[#This Row],[Sample (uL) ]]),0)), ) -> 0 | H242: =IF(ISBLANK(NMRPrep[[#This Row],[Total (uL) ]]), 0, NMRPrep[[#This Row],[1mM Maleic Acid (uL) ]]/NMRPrep[[#This Row],[Total (uL) ]]) -> #DIV/0! | I242: =2 -> 2 | J242: =4 -> 4 | K242: =1 -> 1
A243: =Sampling!D243 -> 0 | B243: {=IF(ISBLANK(INDEX(SampleList[NMR],ROW()-1)),"Not Requested",INDEX(SampleList[Experiment ID],ROW()-1))} -> Not Requested | C243: =Sampling!E241 -> 0 | D243: =NMRPrep[[#This Row],['#]] -> 0 | G243: =IFERROR(IF(NMRPrep[[#This Row],[Sample (uL) ]]=0, (NMRResults[[#This Row],[IS Protons]]/NMRResults[[#This Row],[NH4 Protons]])*(NMRResults[[#This Row],[NH4 Peak Area]]/NMRResults[[#This Row],[IS Area]])*NMRResults[[#This Row],[IS Concentration (mM)]]*(NMRPrep[[#This Row],[Total (uL) ]]/SUM(NMRPrep[[#This Row],[DI (uL) ]:[ NH4Cl (uL)]])), IFERROR((NMRResults[[#This Row],[IS Protons]]/NMRResults[[#This Row],[NH4 Protons]])*(NMRResults[[#This Row],[NH4 Peak Area]]/NMRResults[[#This Row],[IS Area]])*NMRResults[[#This Row],[IS Concentration (mM)]]*(NMRPrep[[#This Row],[Total (uL) ]]/NMRPrep[[#This Row],[Sample (uL) ]]),0)), ) -> 0 | H243: =IF(ISBLANK(NMRPrep[[#This Row],[Total (uL) ]]), 0, NMRPrep[[#This Row],[1mM Maleic Acid (uL) ]]/NMRPrep[[#This Row],[Total (uL) ]]) -> #DIV/0! | I243: =2 -> 2 | J243: =4 -> 4 | K243: =1 -> 1
A244: =Sampling!D244 -> 0 | B244: {=IF(ISBLANK(INDEX(SampleList[NMR],ROW()-1)),"Not Requested",INDEX(SampleList[Experiment ID],ROW()-1))} -> Not Requested | C244: =Sampling!E242 -> 0 | D244: =NMRPrep[[#This Row],['#]] -> 0 | G244: =IFERROR(IF(NMRPrep[[#This Row],[Sample (uL) ]]=0, (NMRResults[[#This Row],[IS Protons]]/NMRResults[[#This Row],[NH4 Protons]])*(NMRResults[[#This Row],[NH4 Peak Area]]/NMRResults[[#This Row],[IS Area]])*NMRResults[[#This Row],[IS Concentration (mM)]]*(NMRPrep[[#This Row],[Total (uL) ]]/SUM(NMRPrep[[#This Row],[DI (uL) ]:[ NH4Cl (uL)]])), IFERROR((NMRResults[[#This Row],[IS Protons]]/NMRResults[[#This Row],[NH4 Protons]])*(NMRResults[[#This Row],[NH4 Peak Area]]/NMRResults[[#This Row],[IS Area]])*NMRResults[[#This Row],[IS Concentration (mM)]]*(NMRPrep[[#This Row],[Total (uL) ]]/NMRPrep[[#This Row],[Sample (uL) ]]),0)), ) -> 0 | H244: =IF(ISBLANK(NMRPrep[[#This Row],[Total (uL) ]]), 0, NMRPrep[[#This Row],[1mM Maleic Acid (uL) ]]/NMRPrep[[#This Row],[Total (uL) ]]) -> #DIV/0! | I244: =2 -> 2 | J244: =4 -> 4 | K244: =1 -> 1
A245: =Sampling!D245 -> 0 | B245: {=IF(ISBLANK(INDEX(SampleList[NMR],ROW()-1)),"Not Requested",INDEX(SampleList[Experiment ID],ROW()-1))} -> Not Requested | C245: =Sampling!E243 -> 0 | D245: =NMRPrep[[#This Row],['#]] -> 0 | G245: =IFERROR(IF(NMRPrep[[#This Row],[Sample (uL) ]]=0, (NMRResults[[#This Row],[IS Protons]]/NMRResults[[#This Row],[NH4 Protons]])*(NMRResults[[#This Row],[NH4 Peak Area]]/NMRResults[[#This Row],[IS Area]])*NMRResults[[#This Row],[IS Concentration (mM)]]*(NMRPrep[[#This Row],[Total (uL) ]]/SUM(NMRPrep[[#This Row],[DI (uL) ]:[ NH4Cl (uL)]])), IFERROR((NMRResults[[#This Row],[IS Protons]]/NMRResults[[#This Row],[NH4 Protons]])*(NMRResults[[#This Row],[NH4 Peak Area]]/NMRResults[[#This Row],[IS Area]])*NMRResults[[#This Row],[IS Concentration (mM)]]*(NMRPrep[[#This Row],[Total (uL) ]]/NMRPrep[[#This Row],[Sample (uL) ]]),0)), ) -> 0 | H245: =IF(ISBLANK(NMRPrep[[#This Row],[Total (uL) ]]), 0, NMRPrep[[#This Row],[1mM Maleic Acid (uL) ]]/NMRPrep[[#This Row],[Total (uL) ]]) -> #DIV/0! | I245: =2 -> 2 | J245: =4 -> 4 | K245: =1 -> 1
A246: =Sampling!D246 -> 0 | B246: {=IF(ISBLANK(INDEX(SampleList[NMR],ROW()-1)),"Not Requested",INDEX(SampleList[Experiment ID],ROW()-1))} -> Not Requested | C246: =Sampling!E244 -> 0 | D246: =NMRPrep[[#This Row],['#]] -> 0 | G246: =IFERROR(IF(NMRPrep[[#This Row],[Sample (uL) ]]=0, (NMRResults[[#This Row],[IS Protons]]/NMRResults[[#This Row],[NH4 Protons]])*(NMRResults[[#This Row],[NH4 Peak Area]]/NMRResults[[#This Row],[IS Area]])*NMRResults[[#This Row],[IS Concentration (mM)]]*(NMRPrep[[#This Row],[Total (uL) ]]/SUM(NMRPrep[[#This Row],[DI (uL) ]:[ NH4Cl (uL)]])), IFERROR((NMRResults[[#This Row],[IS Protons]]/NMRResults[[#This Row],[NH4 Protons]])*(NMRResults[[#This Row],[NH4 Peak Area]]/NMRResults[[#This Row],[IS Area]])*NMRResults[[#This Row],[IS Concentration (mM)]]*(NMRPrep[[#This Row],[Total (uL) ]]/NMRPrep[[#This Row],[Sample (uL) ]]),0)), ) -> 0 | H246: =IF(ISBLANK(NMRPrep[[#This Row],[Total (uL) ]]), 0, NMRPrep[[#This Row],[1mM Maleic Acid (uL) ]]/NMRPrep[[#This Row],[Total (uL) ]]) -> #DIV/0! | I246: =2 -> 2 | J246: =4 -> 4 | K246: =1 -> 1
A247: =Sampling!D247 -> 0 | B247: {=IF(ISBLANK(INDEX(SampleList[NMR],ROW()-1)),"Not Requested",INDEX(SampleList[Experiment ID],ROW()-1))} -> Not Requested | C247: =Sampling!E245 -> 0 | D247: =NMRPrep[[#This Row],['#]] -> 0 | G247: =IFERROR(IF(NMRPrep[[#This Row],[Sample (uL) ]]=0, (NMRResults[[#This Row],[IS Protons]]/NMRResults[[#This Row],[NH4 Protons]])*(NMRResults[[#This Row],[NH4 Peak Area]]/NMRResults[[#This Row],[IS Area]])*NMRResults[[#This Row],[IS Concentration (mM)]]*(NMRPrep[[#This Row],[Total (uL) ]]/SUM(NMRPrep[[#This Row],[DI (uL) ]:[ NH4Cl (uL)]])), IFERROR((NMRResults[[#This Row],[IS Protons]]/NMRResults[[#This Row],[NH4 Protons]])*(NMRResults[[#This Row],[NH4 Peak Area]]/NMRResults[[#This Row],[IS Area]])*NMRResults[[#This Row],[IS Concentration (mM)]]*(NMRPrep[[#This Row],[Total (uL) ]]/NMRPrep[[#This Row],[Sample (uL) ]]),0)), ) -> 0 | H247: =IF(ISBLANK(NMRPrep[[#This Row],[Total (uL) ]]), 0, NMRPrep[[#This Row],[1mM Maleic Acid (uL) ]]/NMRPrep[[#This Row],[Total (uL) ]]) -> #DIV/0! | I247: =2 -> 2 | J247: =4 -> 4 | K247: =1 -> 1
A248: =Sampling!D248 -> 0 | B248: {=IF(ISBLANK(INDEX(SampleList[NMR],ROW()-1)),"Not Requested",INDEX(SampleList[Experiment ID],ROW()-1))} -> Not Requested | C248: =Sampling!E246 -> 0 | D248: =NMRPrep[[#This Row],['#]] -> 0 | G248: =IFERROR(IF(NMRPrep[[#This Row],[Sample (uL) ]]=0, (NMRResults[[#This Row],[IS Protons]]/NMRResults[[#This Row],[NH4 Protons]])*(NMRResults[[#This Row],[NH4 Peak Area]]/NMRResults[[#This Row],[IS Area]])*NMRResults[[#This Row],[IS Concentration (mM)]]*(NMRPrep[[#This Row],[Total (uL) ]]/SUM(NMRPrep[[#This Row],[DI (uL) ]:[ NH4Cl (uL)]])), IFERROR((NMRResults[[#This Row],[IS Protons]]/NMRResults[[#This Row],[NH4 Protons]])*(NMRResults[[#This Row],[NH4 Peak Area]]/NMRResults[[#This Row],[IS Area]])*NMRResults[[#This Row],[IS Concentration (mM)]]*(NMRPrep[[#This Row],[Total (uL) ]]/NMRPrep[[#This Row],[Sample (uL) ]]),0)), ) -> 0 | H248: =IF(ISBLANK(NMRPrep[[#This Row],[Total (uL) ]]), 0, NMRPrep[[#This Row],[1mM Maleic Acid (uL) ]]/NMRPrep[[#This Row],[Total (uL) ]]) -> #DIV/0! | I248: =2 -> 2 | J248: =4 -> 4 | K248: =1 -> 1
A249: =Sampling!D249 -> 0 | B249: {=IF(ISBLANK(INDEX(SampleList[NMR],ROW()-1)),"Not Requested",INDEX(SampleList[Experiment ID],ROW()-1))} -> Not Requested | C249: =Sampling!E247 -> 0 | D249: =NMRPrep[[#This Row],['#]] -> 0 | G249: =IFERROR(IF(NMRPrep[[#This Row],[Sample (uL) ]]=0, (NMRResults[[#This Row],[IS Protons]]/NMRResults[[#This Row],[NH4 Protons]])*(NMRResults[[#This Row],[NH4 Peak Area]]/NMRResults[[#This Row],[IS Area]])*NMRResults[[#This Row],[IS Concentration (mM)]]*(NMRPrep[[#This Row],[Total (uL) ]]/SUM(NMRPrep[[#This Row],[DI (uL) ]:[ NH4Cl (uL)]])), IFERROR((NMRResults[[#This Row],[IS Protons]]/NMRResults[[#This Row],[NH4 Protons]])*(NMRResults[[#This Row],[NH4 Peak Area]]/NMRResults[[#This Row],[IS Area]])*NMRResults[[#This Row],[IS Concentration (mM)]]*(NMRPrep[[#This Row],[Total (uL) ]]/NMRPrep[[#This Row],[Sample (uL) ]]),0)), ) -> 0 | H249: =IF(ISBLANK(NMRPrep[[#This Row],[Total (uL) ]]), 0, NMRPrep[[#This Row],[1mM Maleic Acid (uL) ]]/NMRPrep[[#This Row],[Total (uL) ]]) -> #DIV/0! | I249: =2 -> 2 | J249: =4 -> 4 | K249: =1 -> 1
... A297: =Sampling!D297 -> 0 | B297: {=IF(ISBLANK(INDEX(SampleList[NMR],ROW()-1)),"Not Requested",INDEX(SampleList[Experiment ID],ROW()-1))} -> Not Requested | C297: =Sampling!E295 -> 0 | D297: =NMRPrep[[#This Row],['#]] -> 0 | G297: =IFERROR(IF(NMRPrep[[#This Row],[Sample (uL) ]]=0, (NMRResults[[#This Row],[IS Protons]]/NMRResults[[#This Row],[NH4 Protons]])*(NMRResults[[#This Row],[NH4 Peak Area]]/NMRResults[[#This Row],[IS Area]])*NMRResults[[#This Row],[IS Concentration (mM)]]*(NMRPrep[[#This Row],[Total (uL) ]]/SUM(NMRPrep[[#This Row],[DI (uL) ]:[ NH4Cl (uL)]])), IFERROR((NMRResults[[#This Row],[IS Protons]]/NMRResults[[#This Row],[NH4 Protons]])*(NMRResults[[#This Row],[NH4 Peak Area]]/NMRResults[[#This Row],[IS Area]])*NMRResults[[#This Row],[IS Concentration (mM)]]*(NMRPrep[[#This Row],[Total (uL) ]]/NMRPrep[[#This Row],[Sample (uL) ]]),0)), ) -> 0 | H297: =IF(ISBLANK(NMRPrep[[#This Row],[Total (uL) ]]), 0, NMRPrep[[#This Row],[1mM Maleic Acid (uL) ]]/NMRPrep[[#This Row],[Total (uL) ]]) -> #DIV/0! | I297: =2 -> 2 | J297: =4 -> 4 | K297: =1 -> 1
A298: =Sampling!D296 -> 0 | B298: {=IF(ISBLANK(INDEX(SampleList[NMR],ROW()-1)),"Not Requested",INDEX(SampleList[Experiment ID],ROW()-1))} -> Not Requested | C298: =Sampling!E296 -> 0 | D298: =NMRPrep[[#This Row],['#]] -> 0 | G298: =IFERROR(IF(NMRPrep[[#This Row],[Sample (uL) ]]=0, (NMRResults[[#This Row],[IS Protons]]/NMRResults[[#This Row],[NH4 Protons]])*(NMRResults[[#This Row],[NH4 Peak Area]]/NMRResults[[#This Row],[IS Area]])*NMRResults[[#This Row],[IS Concentration (mM)]]*(NMRPrep[[#This Row],[Total (uL) ]]/SUM(NMRPrep[[#This Row],[DI (uL) ]:[ NH4Cl (uL)]])), IFERROR((NMRResults[[#This Row],[IS Protons]]/NMRResults[[#This Row],[NH4 Protons]])*(NMRResults[[#This Row],[NH4 Peak Area]]/NMRResults[[#This Row],[IS Area]])*NMRResults[[#This Row],[IS Concentration (mM)]]*(NMRPrep[[#This Row],[Total (uL) ]]/NMRPrep[[#This Row],[Sample (uL) ]]),0)), ) -> 0 | H298: =IF(ISBLANK(NMRPrep[[#This Row],[Total (uL) ]]), 0, NMRPrep[[#This Row],[1mM Maleic Acid (uL) ]]/NMRPrep[[#This Row],[Total (uL) ]]) -> #DIV/0! | I298: =2 -> 2 | J298: =4 -> 4 | K298: =1 -> 1
A299: =Sampling!D297 -> 0 | B299: {=IF(ISBLANK(INDEX(SampleList[NMR],ROW()-1)),"Not Requested",INDEX(SampleList[Experiment ID],ROW()-1))} -> Not Requested | C299: =Sampling!E297 -> 0 | D299: =NMRPrep[[#This Row],['#]] -> 0 | G299: =IFERROR(IF(NMRPrep[[#This Row],[Sample (uL) ]]=0, (NMRResults[[#This Row],[IS Protons]]/NMRResults[[#This Row],[NH4 Protons]])*(NMRResults[[#This Row],[NH4 Peak Area]]/NMRResults[[#This Row],[IS Area]])*NMRResults[[#This Row],[IS Concentration (mM)]]*(NMRPrep[[#This Row],[Total (uL) ]]/SUM(NMRPrep[[#This Row],[DI (uL) ]:[ NH4Cl (uL)]])), IFERROR((NMRResults[[#This Row],[IS Protons]]/NMRResults[[#This Row],[NH4 Protons]])*(NMRResults[[#This Row],[NH4 Peak Area]]/NMRResults[[#This Row],[IS Area]])*NMRResults[[#This Row],[IS Concentration (mM)]]*(NMRPrep[[#This Row],[Total (uL) ]]/NMRPrep[[#This Row],[Sample (uL) ]]),0)), ) -> 0 | H299: =IF(ISBLANK(NMRPrep[[#This Row],[Total (uL) ]]), 0, NMRPrep[[#This Row],[1mM Maleic Acid (uL) ]]/NMRPrep[[#This Row],[Total (uL) ]]) -> #DIV/0! | I299: =2 -> 2 | J299: =4 -> 4 | K299: =1 -> 1
A300: =Sampling!D298 -> 0 | B300: {=IF(ISBLANK(INDEX(SampleList[NMR],ROW()-1)),"Not Requested",INDEX(SampleList[Experiment ID],ROW()-1))} -> Not Requested | C300: =Sampling!E298 -> 0 | D300: =NMRPrep[[#This Row],['#]] -> 0 | G300: =IFERROR(IF(NMRPrep[[#This Row],[Sample (uL) ]]=0, (NMRResults[[#This Row],[IS Protons]]/NMRResults[[#This Row],[NH4 Protons]])*(NMRResults[[#This Row],[NH4 Peak Area]]/NMRResults[[#This Row],[IS Area]])*NMRResults[[#This Row],[IS Concentration (mM)]]*(NMRPrep[[#This Row],[Total (uL) ]]/SUM(NMRPrep[[#This Row],[DI (uL) ]:[ NH4Cl (uL)]])), IFERROR((NMRResults[[#This Row],[IS Protons]]/NMRResults[[#This Row],[NH4 Protons]])*(NMRResults[[#This Row],[NH4 Peak Area]]/NMRResults[[#This Row],[IS Area]])*NMRResults[[#This Row],[IS Concentration (mM)]]*(NMRPrep[[#This Row],[Total (uL) ]]/NMRPrep[[#This Row],[Sample (uL) ]]),0)), ) -> 0 | H300: =IF(ISBLANK(NMRPrep[[#This Row],[Total (uL) ]]), 0, NMRPrep[[#This Row],[1mM Maleic Acid (uL) ]]/NMRPrep[[#This Row],[Total (uL) ]]) -> #DIV/0! | I300: =2 -> 2 | J300: =4 -> 4 | K300: =1 -> 1
A301: =Sampling!D299 -> 0 | B301: {=IF(ISBLANK(INDEX(SampleList[NMR],ROW()-1)),"Not Requested",INDEX(SampleList[Experiment ID],ROW()-1))} -> Not Requested | C301: =Sampling!E299 -> 0 | D301: =NMRPrep[[#This Row],['#]] -> 0 | G301: =IFERROR(IF(NMRPrep[[#This Row],[Sample (uL) ]]=0, (NMRResults[[#This Row],[IS Protons]]/NMRResults[[#This Row],[NH4 Protons]])*(NMRResults[[#This Row],[NH4 Peak Area]]/NMRResults[[#This Row],[IS Area]])*NMRResults[[#This Row],[IS Concentration (mM)]]*(NMRPrep[[#This Row],[Total (uL) ]]/SUM(NMRPrep[[#This Row],[DI (uL) ]:[ NH4Cl (uL)]])), IFERROR((NMRResults[[#This Row],[IS Protons]]/NMRResults[[#This Row],[NH4 Protons]])*(NMRResults[[#This Row],[NH4 Peak Area]]/NMRResults[[#This Row],[IS Area]])*NMRResults[[#This Row],[IS Concentration (mM)]]*(NMRPrep[[#This Row],[Total (uL) ]]/NMRPrep[[#This Row],[Sample (uL) ]]),0)), ) -> 0 | H301: =IF(ISBLANK(NMRPrep[[#This Row],[Total (uL) ]]), 0, NMRPrep[[#This Row],[1mM Maleic Acid (uL) ]]/NMRPrep[[#This Row],[Total (uL) ]]) -> #DIV/0! | I301: =2 -> 2 | J301: =4 -> 4 | K301: =1 -> 1
A302: =Sampling!D300 -> 0 | B302: {=IF(ISBLANK(INDEX(SampleList[NMR],ROW()-1)),"Not Requested",INDEX(SampleList[Experiment ID],ROW()-1))} -> Not Requested | C302: =Sampling!E300 -> 0 | D302: =NMRPrep[[#This Row],['#]] -> 0 | G302: =IFERROR(IF(NMRPrep[[#This Row],[Sample (uL) ]]=0, (NMRResults[[#This Row],[IS Protons]]/NMRResults[[#This Row],[NH4 Protons]])*(NMRResults[[#This Row],[NH4 Peak Area]]/NMRResults[[#This Row],[IS Area]])*NMRResults[[#This Row],[IS Concentration (mM)]]*(NMRPrep[[#This Row],[Total (uL) ]]/SUM(NMRPrep[[#This Row],[DI (uL) ]:[ NH4Cl (uL)]])), IFERROR((NMRResults[[#This Row],[IS Protons]]/NMRResults[[#This Row],[NH4 Protons]])*(NMRResults[[#This Row],[NH4 Peak Area]]/NMRResults[[#This Row],[IS Area]])*NMRResults[[#This Row],[IS Concentration (mM)]]*(NMRPrep[[#This Row],[Total (uL) ]]/NMRPrep[[#This Row],[Sample (uL) ]]),0)), ) -> 0 | H302: =IF(ISBLANK(NMRPrep[[#This Row],[Total (uL) ]]), 0, NMRPrep[[#This Row],[1mM Maleic Acid (uL) ]]/NMRPrep[[#This Row],[Total (uL) ]]) -> #DIV/0! | I302: =2 -> 2 | J302: =4 -> 4 | K302: =1 -> 1
A303: =Sampling!D301 -> 0 | B303: {=IF(ISBLANK(INDEX(SampleList[NMR],ROW()-1)),"Not Requested",INDEX(SampleList[Experiment ID],ROW()-1))} -> Not Requested | C303: =Sampling!E301 -> 0 | D303: =NMRPrep[[#This Row],['#]] -> 0 | G303: =IFERROR(IF(NMRPrep[[#This Row],[Sample (uL) ]]=0, (NMRResults[[#This Row],[IS Protons]]/NMRResults[[#This Row],[NH4 Protons]])*(NMRResults[[#This Row],[NH4 Peak Area]]/NMRResults[[#This Row],[IS Area]])*NMRResults[[#This Row],[IS Concentration (mM)]]*(NMRPrep[[#This Row],[Total (uL) ]]/SUM(NMRPrep[[#This Row],[DI (uL) ]:[ NH4Cl (uL)]])), IFERROR((NMRResults[[#This Row],[IS Protons]]/NMRResults[[#This Row],[NH4 Protons]])*(NMRResults[[#This Row],[NH4 Peak Area]]/NMRResults[[#This Row],[IS Area]])*NMRResults[[#This Row],[IS Concentration (mM)]]*(NMRPrep[[#This Row],[Total (uL) ]]/NMRPrep[[#This Row],[Sample (uL) ]]),0)), ) -> 0 | H303: =IF(ISBLANK(NMRPrep[[#This Row],[Total (uL) ]]), 0, NMRPrep[[#This Row],[1mM Maleic Acid (uL) ]]/NMRPrep[[#This Row],[Total (uL) ]]) -> #DIV/0! | I303: =2 -> 2 | J303: =4 -> 4 | K303: =1 -> 1
A304: =Sampling!D302 -> 0 | B304: {=IF(ISBLANK(INDEX(SampleList[NMR],ROW()-1)),"Not Requested",INDEX(SampleList[Experiment ID],ROW()-1))} -> Not Requested | C304: =Sampling!E302 -> 0 | D304: =NMRPrep[[#This Row],['#]] -> 0 | G304: =IFERROR(IF(NMRPrep[[#This Row],[Sample (uL) ]]=0, (NMRResults[[#This Row],[IS Protons]]/NMRResults[[#This Row],[NH4 Protons]])*(NMRResults[[#This Row],[NH4 Peak Area]]/NMRResults[[#This Row],[IS Area]])*NMRResults[[#This Row],[IS Concentration (mM)]]*(NMRPrep[[#This Row],[Total (uL) ]]/SUM(NMRPrep[[#This Row],[DI (uL) ]:[ NH4Cl (uL)]])), IFERROR((NMRResults[[#This Row],[IS Protons]]/NMRResults[[#This Row],[NH4 Protons]])*(NMRResults[[#This Row],[NH4 Peak Area]]/NMRResults[[#This Row],[IS Area]])*NMRResults[[#This Row],[IS Concentration (mM)]]*(NMRPrep[[#This Row],[Total (uL) ]]/NMRPrep[[#This Row],[Sample (uL) ]]),0)), ) -> 0 | H304: =IF(ISBLANK(NMRPrep[[#This Row],[Total (uL) ]]), 0, NMRPrep[[#This Row],[1mM Maleic Acid (uL) ]]/NMRPrep[[#This Row],[Total (uL) ]]) -> #DIV/0! | I304: =2 -> 2 | J304: =4 -> 4 | K304: =1 -> 1
A305: =Sampling!D303 -> 0 | B305: {=IF(ISBLANK(INDEX(SampleList[NMR],ROW()-1)),"Not Requested",INDEX(SampleList[Experiment ID],ROW()-1))} -> Not Requested | C305: =Sampling!E303 -> 0 | D305: =NMRPrep[[#This Row],['#]] -> 0 | G305: =IFERROR(IF(NMRPrep[[#This Row],[Sample (uL) ]]=0, (NMRResults[[#This Row],[IS Protons]]/NMRResults[[#This Row],[NH4 Protons]])*(NMRResults[[#This Row],[NH4 Peak Area]]/NMRResults[[#This Row],[IS Area]])*NMRResults[[#This Row],[IS Concentration (mM)]]*(NMRPrep[[#This Row],[Total (uL) ]]/SUM(NMRPrep[[#This Row],[DI (uL) ]:[ NH4Cl (uL)]])), IFERROR((NMRResults[[#This Row],[IS Protons]]/NMRResults[[#This Row],[NH4 Protons]])*(NMRResults[[#This Row],[NH4 Peak Area]]/NMRResults[[#This Row],[IS Area]])*NMRResults[[#This Row],[IS Concentration (mM)]]*(NMRPrep[[#This Row],[Total (uL) ]]/NMRPrep[[#This Row],[Sample (uL) ]]),0)), ) -> 0 | H305: =IF(ISBLANK(NMRPrep[[#This Row],[Total (uL) ]]), 0, NMRPrep[[#This Row],[1mM Maleic Acid (uL) ]]/NMRPrep[[#This Row],[Total (uL) ]]) -> #DIV/0! | I305: =2 -> 2 | J305: =4 -> 4 | K305: =1 -> 1
A306: =Sampling!D304 -> 0 | B306: {=IF(ISBLANK(INDEX(SampleList[NMR],ROW()-1)),"Not Requested",INDEX(SampleList[Experiment ID],ROW()-1))} -> Not Requested | C306: =Sampling!E304 -> 0 | D306: =NMRPrep[[#This Row],['#]] -> 0 | G306: =IFERROR(IF(NMRPrep[[#This Row],[Sample (uL) ]]=0, (NMRResults[[#This Row],[IS Protons]]/NMRResults[[#This Row],[NH4 Protons]])*(NMRResults[[#This Row],[NH4 Peak Area]]/NMRResults[[#This Row],[IS Area]])*NMRResults[[#This Row],[IS Concentration (mM)]]*(NMRPrep[[#This Row],[Total (uL) ]]/SUM(NMRPrep[[#This Row],[DI (uL) ]:[ NH4Cl (uL)]])), IFERROR((NMRResults[[#This Row],[IS Protons]]/NMRResults[[#This Row],[NH4 Protons]])*(NMRResults[[#This Row],[NH4 Peak Area]]/NMRResults[[#This Row],[IS Area]])*NMRResults[[#This Row],[IS Concentration (mM)]]*(NMRPrep[[#This Row],[Total (uL) ]]/NMRPrep[[#This Row],[Sample (uL) ]]),0)), ) -> 0 | H306: =IF(ISBLANK(NMRPrep[[#This Row],[Total (uL) ]]), 0, NMRPrep[[#This Row],[1mM Maleic Acid (uL) ]]/NMRPrep[[#This Row],[Total (uL) ]]) -> #DIV/0! | I306: =2 -> 2 | J306: =4 -> 4 | K306: =1 -> 1
A307: =Sampling!D305 -> 0 | B307: {=IF(ISBLANK(INDEX(SampleList[NMR],ROW()-1)),"Not Requested",INDEX(SampleList[Experiment ID],ROW()-1))} -> Not Requested | C307: =Sampling!E305 -> 0 | D307: =NMRPrep[[#This Row],['#]] -> 0 | G307: =IFERROR(IF(NMRPrep[[#This Row],[Sample (uL) ]]=0, (NMRResults[[#This Row],[IS Protons]]/NMRResults[[#This Row],[NH4 Protons]])*(NMRResults[[#This Row],[NH4 Peak Area]]/NMRResults[[#This Row],[IS Area]])*NMRResults[[#This Row],[IS Concentration (mM)]]*(NMRPrep[[#This Row],[Total (uL) ]]/SUM(NMRPrep[[#This Row],[DI (uL) ]:[ NH4Cl (uL)]])), IFERROR((NMRResults[[#This Row],[IS Protons]]/NMRResults[[#This Row],[NH4 Protons]])*(NMRResults[[#This Row],[NH4 Peak Area]]/NMRResults[[#This Row],[IS Area]])*NMRResults[[#This Row],[IS Concentration (mM)]]*(NMRPrep[[#This Row],[Total (uL) ]]/NMRPrep[[#This Row],[Sample (uL) ]]),0)), ) -> 0 | H307: =IF(ISBLANK(NMRPrep[[#This Row],[Total (uL) ]]), 0, NMRPrep[[#This Row],[1mM Maleic Acid (uL) ]]/NMRPrep[[#This Row],[Total (uL) ]]) -> #DIV/0! | I307: =2 -> 2 | J307: =4 -> 4 | K307: =1 -> 1
A308: =Sampling!D306 -> 0 | B308: {=IF(ISBLANK(INDEX(SampleList[NMR],ROW()-1)),"Not Requested",INDEX(SampleList[Experiment ID],ROW()-1))} -> Not Requested | C308: =Sampling!E306 -> 0 | D308: =NMRPrep[[#This Row],['#]] -> 0 | G308: =IFERROR(IF(NMRPrep[[#This Row],[Sample (uL) ]]=0, (NMRResults[[#This Row],[IS Protons]]/NMRResults[[#This Row],[NH4 Protons]])*(NMRResults[[#This Row],[NH4 Peak Area]]/NMRResults[[#This Row],[IS Area]])*NMRResults[[#This Row],[IS Concentration (mM)]]*(NMRPrep[[#This Row],[Total (uL) ]]/SUM(NMRPrep[[#This Row],[DI (uL) ]:[ NH4Cl (uL)]])), IFERROR((NMRResults[[#This Row],[IS Protons]]/NMRResults[[#This Row],[NH4 Protons]])*(NMRResults[[#This Row],[NH4 Peak Area]]/NMRResults[[#This Row],[IS Area]])*NMRResults[[#This Row],[IS Concentration (mM)]]*(NMRPrep[[#This Row],[Total (uL) ]]/NMRPrep[[#This Row],[Sample (uL) ]]),0)), ) -> 0 | H308: =IF(ISBLANK(NMRPrep[[#This Row],[Total (uL) ]]), 0, NMRPrep[[#This Row],[1mM Maleic Acid (uL) ]]/NMRPrep[[#This Row],[Total (uL) ]]) -> #DIV/0! | I308: =2 -> 2 | J308: =4 -> 4 | K308: =1 -> 1
A309: =Sampling!D307 -> 0 | B309: {=IF(ISBLANK(INDEX(SampleList[NMR],ROW()-1)),"Not Requested",INDEX(SampleList[Experiment ID],ROW()-1))} -> Not Requested | C309: =Sampling!E307 -> 0 | D309: =NMRPrep[[#This Row],['#]] -> 0 | G309: =IFERROR(IF(NMRPrep[[#This Row],[Sample (uL) ]]=0, (NMRResults[[#This Row],[IS Protons]]/NMRResults[[#This Row],[NH4 Protons]])*(NMRResults[[#This Row],[NH4 Peak Area]]/NMRResults[[#This Row],[IS Area]])*NMRResults[[#This Row],[IS Concentration (mM)]]*(NMRPrep[[#This Row],[Total (uL) ]]/SUM(NMRPrep[[#This Row],[DI (uL) ]:[ NH4Cl (uL)]])), IFERROR((NMRResults[[#This Row],[IS Protons]]/NMRResults[[#This Row],[NH4 Protons]])*(NMRResults[[#This Row],[NH4 Peak Area]]/NMRResults[[#This Row],[IS Area]])*NMRResults[[#This Row],[IS Concentration (mM)]]*(NMRPrep[[#This Row],[Total (uL) ]]/NMRPrep[[#This Row],[Sample (uL) ]]),0)), ) -> 0 | H309: =IF(ISBLANK(NMRPrep[[#This Row],[Total (uL) ]]), 0, NMRPrep[[#This Row],[1mM Maleic Acid (uL) ]]/NMRPrep[[#This Row],[Total (uL) ]]) -> #DIV/0! | I309: =2 -> 2 | J309: =4 -> 4 | K309: =1 -> 1
... A1000: =Sampling!D998 -> 0 | B1000: {=IF(ISBLANK(INDEX(SampleList[NMR],ROW()-1)),"Not Requested",INDEX(SampleList[Experiment ID],ROW()-1))} -> #REF! | C1000: =Sampling!E998 -> 0 | D1000: =NMRPrep[[#This Row],['#]] -> 0 | G1000: =IFERROR(IF(NMRPrep[[#This Row],[Sample (uL) ]]=0, (NMRResults[[#This Row],[IS Protons]]/NMRResults[[#This Row],[NH4 Protons]])*(NMRResults[[#This Row],[NH4 Peak Area]]/NMRResults[[#This Row],[IS Area]])*NMRResults[[#This Row],[IS Concentration (mM)]]*(NMRPrep[[#This Row],[Total (uL) ]]/SUM(NMRPrep[[#This Row],[DI (uL) ]:[ NH4Cl (uL)]])), IFERROR((NMRResults[[#This Row],[IS Protons]]/NMRResults[[#This Row],[NH4 Protons]])*(NMRResults[[#This Row],[NH4 Peak Area]]/NMRResults[[#This Row],[IS Area]])*NMRResults[[#This Row],[IS Concentration (mM)]]*(NMRPrep[[#This Row],[Total (uL) ]]/NMRPrep[[#This Row],[Sample (uL) ]]),0)), ) -> 0 | H1000: =IF(ISBLANK(NMRPrep[[#This Row],[Total (uL) ]]), 0, NMRPrep[[#This Row],[1mM Maleic Acid (uL) ]]/NMRPrep[[#This Row],[Total (uL) ]]) -> #DIV/0! | I1000: =2 -> 2 | J1000: =4 -> 4 | K1000: =1 -> 1

Sheet GC Results
A1: Experiment ID | B1: Duration (Days) | C1: Date Run | D1: Full Loop Calibration Peak Area, 500ppm H2 Standard 20mL Injection | E1: Full Loop Peak Area, Sample Gas, 20mL Injection | F1: Total Gas Volume (mL), gas cylinder = 3785mL | G1: Pressure on Sampling (PSI), 145PSI=1MPa | H1: H2 (ppm) | I1: High Temperature Sampling (PSI) | J1: High Temperature Peak Area | K1: High Temperature H2 (ppm)
A2: {=IF(ISBLANK(INDEX(SampleList[GC],ROW()-1)),"Not Requested",INDEX(SampleList[Experiment ID],ROW()-1))} -> HPHT_097 | B2: =SampleList[[#This Row],[Duration (Days)]] -> 1 | C2: 46094 | D2: 125 | E2: 0 | F2: 4035 | G2: 25 | H2: =IF(ISBLANK(GCResults[[#This Row],[Full Loop Peak Area, Sample Gas, 20mL Injection]]),"",(500/GCResults[[#This Row],[Full Loop Calibration Peak Area, 500ppm H2 Standard 20mL Injection]])*GCResults[[#This Row],[Full Loop Peak Area, Sample Gas, 20mL Injection]]) -> 0 | K2: =(500/D2)*J2 -> 0
A3: {=IF(ISBLANK(INDEX(SampleList[GC],ROW()-1)),"Not Requested",INDEX(SampleList[Experiment ID],ROW()-1))} -> HPHT_070 | B3: =SampleList[[#This Row],[Duration (Days)]] -> 60 | H3: =IF(ISBLANK(GCResults[[#This Row],[Full Loop Peak Area, Sample Gas, 20mL Injection]]),"",(500/GCResults[[#This Row],[Full Loop Calibration Peak Area, 500ppm H2 Standard 20mL Injection]])*GCResults[[#This Row],[Full Loop Peak Area, Sample Gas, 20mL Injection]]) | K3: =(500/D3)*J3 -> #DIV/0!
A4: {=IF(ISBLANK(INDEX(SampleList[GC],ROW()-1)),"Not Requested",INDEX(SampleList[Experiment ID],ROW()-1))} -> Not Requested | B4: =Sampling!E4 -> 0 | H4: =IF(ISBLANK(GCResults[[#This Row],[Full Loop Peak Area, Sample Gas, 20mL Injection]]),"",(500/GCResults[[#This Row],[Full Loop Calibration Peak Area, 500ppm H2 Standard 20mL Injection]])*GCResults[[#This Row],[Full Loop Peak Area, Sample Gas, 20mL Injection]]) | I4: =25.88*145 -> 3752.6 | K4: =(500/D4)*J4 -> #DIV/0!
A5: {=IF(ISBLANK(INDEX(SampleList[GC],ROW()-1)),"Not Requested",INDEX(SampleList[Experiment ID],ROW()-1))} -> Not Requested | B5: =Sampling!E5 -> 0 | H5: =IF(ISBLANK(GCResults[[#This Row],[Full Loop Peak Area, Sample Gas, 20mL Injection]]),"",(500/GCResults[[#This Row],[Full Loop Calibration Peak Area, 500ppm H2 Standard 20mL Injection]])*GCResults[[#This Row],[Full Loop Peak Area, Sample Gas, 20mL Injection]]) | I5: =25.88*145 -> 3752.6 | K5: =(500/D5)*J5 -> #DIV/0!
A6: {=IF(ISBLANK(INDEX(SampleList[GC],ROW()-1)),"Not Requested",INDEX(SampleList[Experiment ID],ROW()-1))} -> Not Requested | B6: =Sampling!E6 -> 3 | H6: =IF(ISBLANK(GCResults[[#This Row],[Full Loop Peak Area, Sample Gas, 20mL Injection]]),"",(500/GCResults[[#This Row],[Full Loop Calibration Peak Area, 500ppm H2 Standard 20mL Injection]])*GCResults[[#This Row],[Full Loop Peak Area, Sample Gas, 20mL Injection]]) | I6: =25.88*145 -> 3752.6 | K6: =(500/D6)*J6 -> #DIV/0!
A7: {=IF(ISBLANK(INDEX(SampleList[GC],ROW()-1)),"Not Requested",INDEX(SampleList[Experiment ID],ROW()-1))} -> Not Requested | B7: =Sampling!E7 -> 0 | H7: =IF(ISBLANK(GCResults[[#This Row],[Full Loop Peak Area, Sample Gas, 20mL Injection]]),"",(500/GCResults[[#This Row],[Full Loop Calibration Peak Area, 500ppm H2 Standard 20mL Injection]])*GCResults[[#This Row],[Full Loop Peak Area, Sample Gas, 20mL Injection]]) | I7: =25.88*145 -> 3752.6 | K7: =(500/D7)*J7 -> #DIV/0!
A8: {=IF(ISBLANK(INDEX(SampleList[GC],ROW()-1)),"Not Requested",INDEX(SampleList[Experiment ID],ROW()-1))} -> Not Requested | B8: =Sampling!E8 -> 3 | H8: =IF(ISBLANK(GCResults[[#This Row],[Full Loop Peak Area, Sample Gas, 20mL Injection]]),"",(500/GCResults[[#This Row],[Full Loop Calibration Peak Area, 500ppm H2 Standard 20mL Injection]])*GCResults[[#This Row],[Full Loop Peak Area, Sample Gas, 20mL Injection]]) | I8: =25.88*145 -> 3752.6 | K8: =(500/D8)*J8 -> #DIV/0!
A9: {=IF(ISBLANK(INDEX(SampleList[GC],ROW()-1)),"Not Requested",INDEX(SampleList[Experiment ID],ROW()-1))} -> Not Requested | B9: =Sampling!E9 -> 3 | H9: =IF(ISBLANK(GCResults[[#This Row],[Full Loop Peak Area, Sample Gas, 20mL Injection]]),"",(500/GCResults[[#This Row],[Full Loop Calibration Peak Area, 500ppm H2 Standard 20mL Injection]])*GCResults[[#This Row],[Full Loop Peak Area, Sample Gas, 20mL Injection]]) | I9: =25.88*145 -> 3752.6 | K9: =(500/D9)*J9 -> #DIV/0!
A10: {=IF(ISBLANK(INDEX(SampleList[GC],ROW()-1)),"Not Requested",INDEX(SampleList[Experiment ID],ROW()-1))} -> Not Requested | B10: =Sampling!E10 -> 3 | H10: =IF(ISBLANK(GCResults[[#This Row],[Full Loop Peak Area, Sample Gas, 20mL Injection]]),"",(500/GCResults[[#This Row],[Full Loop Calibration Peak Area, 500ppm H2 Standard 20mL Injection]])*GCResults[[#This Row],[Full Loop Peak Area, Sample Gas, 20mL Injection]]) | I10: =25.88*145 -> 3752.6 | K10: =(500/D10)*J10 -> #DIV/0!
A11: {=IF(ISBLANK(INDEX(SampleList[GC],ROW()-1)),"Not Requested",INDEX(SampleList[Experiment ID],ROW()-1))} -> Not Requested | B11: =Sampling!E11 -> 4 | H11: =IF(ISBLANK(GCResults[[#This Row],[Full Loop Peak Area, Sample Gas, 20mL Injection]]),"",(500/GCResults[[#This Row],[Full Loop Calibration Peak Area, 500ppm H2 Standard 20mL Injection]])*GCResults[[#This Row],[Full Loop Peak Area, Sample Gas, 20mL Injection]]) | I11: =25.88*145 -> 3752.6 | K11: =(500/D11)*J11 -> #DIV/0!
A12: {=IF(ISBLANK(INDEX(SampleList[GC],ROW()-1)),"Not Requested",INDEX(SampleList[Experiment ID],ROW()-1))} -> Not Requested | B12: =Sampling!E12 -> 0 | H12: =IF(ISBLANK(GCResults[[#This Row],[Full Loop Peak Area, Sample Gas, 20mL Injection]]),"",(500/GCResults[[#This Row],[Full Loop Calibration Peak Area, 500ppm H2 Standard 20mL Injection]])*GCResults[[#This Row],[Full Loop Peak Area, Sample Gas, 20mL Injection]]) | I12: =25.88*145 -> 3752.6 | K12: =(500/D12)*J12 -> #DIV/0!
A13: {=IF(ISBLANK(INDEX(SampleList[GC],ROW()-1)),"Not Requested",INDEX(SampleList[Experiment ID],ROW()-1))} -> HPHT_096 | B13: =SampleList[[#This Row],[Duration (Days)]] -> 10 | C13: 46097 | D13: 122 | E13: 60 | F13: 3785 | G13: =0.2*145 -> 29 | H13: =IF(ISBLANK(GCResults[[#This Row],[Full Loop Peak Area, Sample Gas, 20mL Injection]]),"",(500/GCResults[[#This Row],[Full Loop Calibration Peak Area, 500ppm H2 Standard 20mL Injection]])*GCResults[[#This Row],[Full Loop Peak Area, Sample Gas, 20mL Injection]]) -> 245.90164 | J13: 22 | K13: =(500/D13)*J13 -> 90.163934
A14: {=IF(ISBLANK(INDEX(SampleList[GC],ROW()-1)),"Not Requested",INDEX(SampleList[Experiment ID],ROW()-1))} -> HPHT_079 | B14: =SampleList[[#This Row],[Duration (Days)]] -> 39 | C14: 46097 | D14: 122 | E14: 1084 | F14: 3785 | G14: =0.3*145 -> 43.5 | H14: =IF(ISBLANK(GCResults[[#This Row],[Full Loop Peak Area, Sample Gas, 20mL Injection]]),"",(500/GCResults[[#This Row],[Full Loop Calibration Peak Area, 500ppm H2 Standard 20mL Injection]])*GCResults[[#This Row],[Full Loop Peak Area, Sample Gas, 20mL Injection]]) -> 4442.623 | J14: 1492 | K14: =(500/D14)*J14 -> 6114.7541
A15: {=IF(ISBLANK(INDEX(SampleList[GC],ROW()-1)),"Not Requested",INDEX(SampleList[Experiment ID],ROW()-1))} -> HPHT_097 | B15: =SampleList[[#This Row],[Duration (Days)]] -> 6 | C15: 46098 | D15: 110 | E15: 277 | F15: 4035 | G15: 110 | H15: =IF(ISBLANK(GCResults[[#This Row],[Full Loop Peak Area, Sample Gas, 20mL Injection]]),"",(500/GCResults[[#This Row],[Full Loop Calibration Peak Area, 500ppm H2 Standard 20mL Injection]])*GCResults[[#This Row],[Full Loop Peak Area, Sample Gas, 20mL Injection]]) -> 1259.0909 | K15: =(500/D15)*J15 -> 0
A16: {=IF(ISBLANK(INDEX(SampleList[GC],ROW()-1)),"Not Requested",INDEX(SampleList[Experiment ID],ROW()-1))} -> Not Requested | B16: =Sampling!E16 -> 6 | H16: =IF(ISBLANK(GCResults[[#This Row],[Full Loop Peak Area, Sample Gas, 20mL Injection]]),"",(500/GCResults[[#This Row],[Full Loop Calibration Peak Area, 500ppm H2 Standard 20mL Injection]])*GCResults[[#This Row],[Full Loop Peak Area, Sample Gas, 20mL Injection]]) | I16: =25.88*145 -> 3752.6 | K16: =(500/D16)*J16 -> #DIV/0!
A17: {=IF(ISBLANK(INDEX(SampleList[GC],ROW()-1)),"Not Requested",INDEX(SampleList[Experiment ID],ROW()-1))} -> Not Requested | B17: =Sampling!E17 -> 46 | H17: =IF(ISBLANK(GCResults[[#This Row],[Full Loop Peak Area, Sample Gas, 20mL Injection]]),"",(500/GCResults[[#This Row],[Full Loop Calibration Peak Area, 500ppm H2 Standard 20mL Injection]])*GCResults[[#This Row],[Full Loop Peak Area, Sample Gas, 20mL Injection]]) | I17: =25.88*145 -> 3752.6 | K17: =(500/D17)*J17 -> #DIV/0!
A18: {=IF(ISBLANK(INDEX(SampleList[GC],ROW()-1)),"Not Requested",INDEX(SampleList[Experiment ID],ROW()-1))} -> Not Requested | B18: =Sampling!E18 -> 18 | H18: =IF(ISBLANK(GCResults[[#This Row],[Full Loop Peak Area, Sample Gas, 20mL Injection]]),"",(500/GCResults[[#This Row],[Full Loop Calibration Peak Area, 500ppm H2 Standard 20mL Injection]])*GCResults[[#This Row],[Full Loop Peak Area, Sample Gas, 20mL Injection]]) | I18: =25.88*145 -> 3752.6 | K18: =(500/D18)*J18 -> #DIV/0!
A19: {=IF(ISBLANK(INDEX(SampleList[GC],ROW()-1)),"Not Requested",INDEX(SampleList[Experiment ID],ROW()-1))} -> Not Requested | B19: =Sampling!E19 -> 22 | H19: =IF(ISBLANK(GCResults[[#This Row],[Full Loop Peak Area, Sample Gas, 20mL Injection]]),"",(500/GCResults[[#This Row],[Full Loop Calibration Peak Area, 500ppm H2 Standard 20mL Injection]])*GCResults[[#This Row],[Full Loop Peak Area, Sample Gas, 20mL Injection]]) | I19: =25.88*145 -> 3752.6 | K19: =(500/D19)*J19 -> #DIV/0!
A20: {=IF(ISBLANK(INDEX(SampleList[GC],ROW()-1)),"Not Requested",INDEX(SampleList[Experiment ID],ROW()-1))} -> Not Requested | B20: =Sampling!E20 -> 20 | H20: =IF(ISBLANK(GCResults[[#This Row],[Full Loop Peak Area, Sample Gas, 20mL Injection]]),"",(500/GCResults[[#This Row],[Full Loop Calibration Peak Area, 500ppm H2 Standard 20mL Injection]])*GCResults[[#This Row],[Full Loop Peak Area, Sample Gas, 20mL Injection]]) | I20: =25.88*145 -> 3752.6 | K20: =(500/D20)*J20 -> #DIV/0!
A21: {=IF(ISBLANK(INDEX(SampleList[GC],ROW()-1)),"Not Requested",INDEX(SampleList[Experiment ID],ROW()-1))} -> Not Requested | B21: =Sampling!E21 -> 8 | H21: =IF(ISBLANK(GCResults[[#This Row],[Full Loop Peak Area, Sample Gas, 20mL Injection]]),"",(500/GCResults[[#This Row],[Full Loop Calibration Peak Area, 500ppm H2 Standard 20mL Injection]])*GCResults[[#This Row],[Full Loop Peak Area, Sample Gas, 20mL Injection]]) | I21: =25.88*145 -> 3752.6 | K21: =(500/D21)*J21 -> #DIV/0!
A22: {=IF(ISBLANK(INDEX(SampleList[GC],ROW()-1)),"Not Requested",INDEX(SampleList[Experiment ID],ROW()-1))} -> Not Requested | B22: =Sampling!E22 -> 10 | H22: =IF(ISBLANK(GCResults[[#This Row],[Full Loop Peak Area, Sample Gas, 20mL Injection]]),"",(500/GCResults[[#This Row],[Full Loop Calibration Peak Area, 500ppm H2 Standard 20mL Injection]])*GCResults[[#This Row],[Full Loop Peak Area, Sample Gas, 20mL Injection]]) | I22: =25.88*145 -> 3752.6 | K22: =(500/D22)*J22 -> #DIV/0!
A23: {=IF(ISBLANK(INDEX(SampleList[GC],ROW()-1)),"Not Requested",INDEX(SampleList[Experiment ID],ROW()-1))} -> Not Requested | B23: =Sampling!E23 -> 2 | H23: =IF(ISBLANK(GCResults[[#This Row],[Full Loop Peak Area, Sample Gas, 20mL Injection]]),"",(500/GCResults[[#This Row],[Full Loop Calibration Peak Area, 500ppm H2 Standard 20mL Injection]])*GCResults[[#This Row],[Full Loop Peak Area, Sample Gas, 20mL Injection]]) | I23: =25.88*145 -> 3752.6 | K23: =(500/D23)*J23 -> #DIV/0!
A24: {=IF(ISBLANK(INDEX(SampleList[GC],ROW()-1)),"Not Requested",INDEX(SampleList[Experiment ID],ROW()-1))} -> Not Requested | B24: =Sampling!E24 -> 52 | H24: =IF(ISBLANK(GCResults[[#This Row],[Full Loop Peak Area, Sample Gas, 20mL Injection]]),"",(500/GCResults[[#This Row],[Full Loop Calibration Peak Area, 500ppm H2 Standard 20mL Injection]])*GCResults[[#This Row],[Full Loop Peak Area, Sample Gas, 20mL Injection]]) | I24: =25.88*145 -> 3752.6 | K24: =(500/D24)*J24 -> #DIV/0!
A25: {=IF(ISBLANK(INDEX(SampleList[GC],ROW()-1)),"Not Requested",INDEX(SampleList[Experiment ID],ROW()-1))} -> Not Requested | B25: =Sampling!E25 -> 22 | H25: =IF(ISBLANK(GCResults[[#This Row],[Full Loop Peak Area, Sample Gas, 20mL Injection]]),"",(500/GCResults[[#This Row],[Full Loop Calibration Peak Area, 500ppm H2 Standard 20mL Injection]])*GCResults[[#This Row],[Full Loop Peak Area, Sample Gas, 20mL Injection]]) | I25: =25.88*145 -> 3752.6 | K25: =(500/D25)*J25 -> #DIV/0!
A26: {=IF(ISBLANK(INDEX(SampleList[GC],ROW()-1)),"Not Requested",INDEX(SampleList[Experiment ID],ROW()-1))} -> Not Requested | B26: =Sampling!E26 -> 28 | H26: =IF(ISBLANK(GCResults[[#This Row],[Full Loop Peak Area, Sample Gas, 20mL Injection]]),"",(500/GCResults[[#This Row],[Full Loop Calibration Peak Area, 500ppm H2 Standard 20mL Injection]])*GCResults[[#This Row],[Full Loop Peak Area, Sample Gas, 20mL Injection]]) | I26: =25.88*145 -> 3752.6 | K26: =(500/D26)*J26 -> #DIV/0!
A27: {=IF(ISBLANK(INDEX(SampleList[GC],ROW()-1)),"Not Requested",INDEX(SampleList[Experiment ID],ROW()-1))} -> Not Requested | B27: =Sampling!E27 -> 0 | H27: =IF(ISBLANK(GCResults[[#This Row],[Full Loop Peak Area, Sample Gas, 20mL Injection]]),"",(500/GCResults[[#This Row],[Full Loop Calibration Peak Area, 500ppm H2 Standard 20mL Injection]])*GCResults[[#This Row],[Full Loop Peak Area, Sample Gas, 20mL Injection]]) | I27: =25.88*145 -> 3752.6 | K27: =(500/D27)*J27 -> #DIV/0!
... A32: {=IF(ISBLANK(INDEX(SampleList[GC],ROW()-1)),"Not Requested",INDEX(SampleList[Experiment ID],ROW()-1))} -> Not Requested | B32: =Sampling!E32 -> 9 | H32: =IF(ISBLANK(GCResults[[#This Row],[Full Loop Peak Area, Sample Gas, 20mL Injection]]),"",(500/GCResults[[#This Row],[Full Loop Calibration Peak Area, 500ppm H2 Standard 20mL Injection]])*GCResults[[#This Row],[Full Loop Peak Area, Sample Gas, 20mL Injection]]) | I32: =25.88*145 -> 3752.6 | K32: =(500/D32)*J32 -> #DIV/0!
A33: {=IF(ISBLANK(INDEX(SampleList[GC],ROW()-1)),"Not Requested",INDEX(SampleList[Experiment ID],ROW()-1))} -> Not Requested | B33: =Sampling!E33 -> 15 | G33: =24.5*145 -> 3552.5 | H33: =IF(ISBLANK(GCResults[[#This Row],[Full Loop Peak Area, Sample Gas, 20mL Injection]]),"",(500/GCResults[[#This Row],[Full Loop Calibration Peak Area, 500ppm H2 Standard 20mL Injection]])*GCResults[[#This Row],[Full Loop Peak Area, Sample Gas, 20mL Injection]]) | I33: =25.88*145 -> 3752.6 | K33: =(500/D33)*J33 -> #DIV/0!
A34: {=IF(ISBLANK(INDEX(SampleList[GC],ROW()-1)),"Not Requested",INDEX(SampleList[Experiment ID],ROW()-1))} -> Not Requested | B34: =Sampling!E34 -> 0 | G34: =24.5*145 -> 3552.5 | H34: =IF(ISBLANK(GCResults[[#This Row],[Full Loop Peak Area, Sample Gas, 20mL Injection]]),"",(500/GCResults[[#This Row],[Full Loop Calibration Peak Area, 500ppm H2 Standard 20mL Injection]])*GCResults[[#This Row],[Full Loop Peak Area, Sample Gas, 20mL Injection]]) | I34: =25.88*145 -> 3752.6 | K34: =(500/D34)*J34 -> #DIV/0!
A35: {=IF(ISBLANK(INDEX(SampleList[GC],ROW()-1)),"Not Requested",INDEX(SampleList[Experiment ID],ROW()-1))} -> Not Requested | B35: =Sampling!E35 -> 15 | G35: =24.5*145 -> 3552.5 | H35: =IF(ISBLANK(GCResults[[#This Row],[Full Loop Peak Area, Sample Gas, 20mL Injection]]),"",(500/GCResults[[#This Row],[Full Loop Calibration Peak Area, 500ppm H2 Standard 20mL Injection]])*GCResults[[#This Row],[Full Loop Peak Area, Sample Gas, 20mL Injection]]) | I35: =25.88*145 -> 3752.6 | K35: =(500/D35)*J35 -> #DIV/0!
A36: {=IF(ISBLANK(INDEX(SampleList[GC],ROW()-1)),"Not Requested",INDEX(SampleList[Experiment ID],ROW()-1))} -> Not Requested | B36: =Sampling!E36 -> 5 | G36: =24.5*145 -> 3552.5 | H36: =IF(ISBLANK(GCResults[[#This Row],[Full Loop Peak Area, Sample Gas, 20mL Injection]]),"",(500/GCResults[[#This Row],[Full Loop Calibration Peak Area, 500ppm H2 Standard 20mL Injection]])*GCResults[[#This Row],[Full Loop Peak Area, Sample Gas, 20mL Injection]]) | I36: =25.88*145 -> 3752.6 | K36: =(500/D36)*J36 -> #DIV/0!
A37: {=IF(ISBLANK(INDEX(SampleList[GC],ROW()-1)),"Not Requested",INDEX(SampleList[Experiment ID],ROW()-1))} -> Not Requested | B37: =Sampling!E37 -> 4 | G37: =24.5*145 -> 3552.5 | H37: =IF(ISBLANK(GCResults[[#This Row],[Full Loop Peak Area, Sample Gas, 20mL Injection]]),"",(500/GCResults[[#This Row],[Full Loop Calibration Peak Area, 500ppm H2 Standard 20mL Injection]])*GCResults[[#This Row],[Full Loop Peak Area, Sample Gas, 20mL Injection]]) | I37: =25.88*145 -> 3752.6 | K37: =(500/D37)*J37 -> #DIV/0!
A38: {=IF(ISBLANK(INDEX(SampleList[GC],ROW()-1)),"Not Requested",INDEX(SampleList[Experiment ID],ROW()-1))} -> Not Requested | B38: =Sampling!E38 -> 0 | G38: =24.5*145 -> 3552.5 | H38: =IF(ISBLANK(GCResults[[#This Row],[Full Loop Peak Area, Sample Gas, 20mL Injection]]),"",(500/GCResults[[#This Row],[Full Loop Calibration Peak Area, 500ppm H2 Standard 20mL Injection]])*GCResults[[#This Row],[Full Loop Peak Area, Sample Gas, 20mL Injection]]) | I38: =25.88*145 -> 3752.6 | K38: =(500/D38)*J38 -> #DIV/0!
A39: {=IF(ISBLANK(INDEX(SampleList[GC],ROW()-1)),"Not Requested",INDEX(SampleList[Experiment ID],ROW()-1))} -> Not Requested | B39: =Sampling!E39 -> 0 | G39: =24.5*145 -> 3552.5 | H39: =IF(ISBLANK(GCResults[[#This Row],[Full Loop Peak Area, Sample Gas, 20mL Injection]]),"",(500/GCResults[[#This Row],[Full Loop Calibration Peak Area, 500ppm H2 Standard 20mL Injection]])*GCResults[[#This Row],[Full Loop Peak Area, Sample Gas, 20mL Injection]]) | I39: =25.88*145 -> 3752.6 | K39: =(500/D39)*J39 -> #DIV/0!
A40: {=IF(ISBLANK(INDEX(SampleList[GC],ROW()-1)),"Not Requested",INDEX(SampleList[Experiment ID],ROW()-1))} -> Not Requested | B40: =Sampling!E40 -> 10 | G40: =24.5*145 -> 3552.5 | H40: =IF(ISBLANK(GCResults[[#This Row],[Full Loop Peak Area, Sample Gas, 20mL Injection]]),"",(500/GCResults[[#This Row],[Full Loop Calibration Peak Area, 500ppm H2 Standard 20mL Injection]])*GCResults[[#This Row],[Full Loop Peak Area, Sample Gas, 20mL Injection]]) | I40: =25.88*145 -> 3752.6 | K40: =(500/D40)*J40 -> #DIV/0!
A41: {=IF(ISBLANK(INDEX(SampleList[GC],ROW()-1)),"Not Requested",INDEX(SampleList[Experiment ID],ROW()-1))} -> Not Requested | B41: =Sampling!E41 -> 0 | G41: =24.5*145 -> 3552.5 | H41: =IF(ISBLANK(GCResults[[#This Row],[Full Loop Peak Area, Sample Gas, 20mL Injection]]),"",(500/GCResults[[#This Row],[Full Loop Calibration Peak Area, 500ppm H2 Standard 20mL Injection]])*GCResults[[#This Row],[Full Loop Peak Area, Sample Gas, 20mL Injection]]) | I41: =25.88*145 -> 3752.6 | K41: =(500/D41)*J41 -> #DIV/0!
A42: {=IF(ISBLANK(INDEX(SampleList[GC],ROW()-1)),"Not Requested",INDEX(SampleList[Experiment ID],ROW()-1))} -> Not Requested | B42: =Sampling!E42 -> 5 | G42: =24.5*145 -> 3552.5 | H42: =IF(ISBLANK(GCResults[[#This Row],[Full Loop Peak Area, Sample Gas, 20mL Injection]]),"",(500/GCResults[[#This Row],[Full Loop Calibration Peak Area, 500ppm H2 Standard 20mL Injection]])*GCResults[[#This Row],[Full Loop Peak Area, Sample Gas, 20mL Injection]]) | I42: =25.88*145 -> 3752.6 | K42: =(500/D42)*J42 -> #DIV/0!
A43: {=IF(ISBLANK(INDEX(SampleList[GC],ROW()-1)),"Not Requested",INDEX(SampleList[Experiment ID],ROW()-1))} -> HPHT_089 | B43: =SampleList[[#This Row],[Duration (Days)]] -> 3 | C43: 46100 | D43: 121.43 | E43: 246 | F43: 3785 | G43: =0.1*145 -> 14.5 | H43: =IF(ISBLANK(GCResults[[#This Row],[Full Loop Peak Area, Sample Gas, 20mL Injection]]),"",(500/GCResults[[#This Row],[Full Loop Calibration Peak Area, 500ppm H2 Standard 20mL Injection]])*GCResults[[#This Row],[Full Loop Peak Area, Sample Gas, 20mL Injection]]) -> 1012.9293 | I43: =25.88*145 -> 3752.6 | J43: 41.6 | K43: =(500/D43)*J43 -> 171.2921
A44: {=IF(ISBLANK(INDEX(SampleList[GC],ROW()-1)),"Not Requested",INDEX(SampleList[Experiment ID],ROW()-1))} -> HPHT_096 | B44: =SampleList[[#This Row],[Duration (Days)]] -> 13 | C44: 46100 | D44: 121.43 | E44: 86 | F44: 3785 | G44: 14.5 | H44: =IF(ISBLANK(GCResults[[#This Row],[Full Loop Peak Area, Sample Gas, 20mL Injection]]),"",(500/GCResults[[#This Row],[Full Loop Calibration Peak Area, 500ppm H2 Standard 20mL Injection]])*GCResults[[#This Row],[Full Loop Peak Area, Sample Gas, 20mL Injection]]) -> 354.11348 | I44: =24.46*145 -> 3546.7 | J44: 0 | K44: =(500/D44)*J44 -> 0
A45: {=IF(ISBLANK(INDEX(SampleList[GC],ROW()-1)),"Not Requested",INDEX(SampleList[Experiment ID],ROW()-1))} -> HPHT_079 | B45: =SampleList[[#This Row],[Duration (Days)]] -> 42 | C45: 46100 | D45: 121.43 | E45: 318 | F45: 3785 | G45: =0.27*145 -> 39.15 | H45: =IF(ISBLANK(GCResults[[#This Row],[Full Loop Peak Area, Sample Gas, 20mL Injection]]),"",(500/GCResults[[#This Row],[Full Loop Calibration Peak Area, 500ppm H2 Standard 20mL Injection]])*GCResults[[#This Row],[Full Loop Peak Area, Sample Gas, 20mL Injection]]) -> 1309.3964 | I45: =22.99*145 -> 3333.55 | J45: 527 | K45: =(500/D45)*J45 -> 2169.9745
A46: {=IF(ISBLANK(INDEX(SampleList[GC],ROW()-1)),"Not Requested",INDEX(SampleList[Experiment ID],ROW()-1))} -> Not Requested | B46: =Sampling!E46 -> 8 | G46: =24.5*145 -> 3552.5 | H46: =IF(ISBLANK(GCResults[[#This Row],[Full Loop Peak Area, Sample Gas, 20mL Injection]]),"",(500/GCResults[[#This Row],[Full Loop Calibration Peak Area, 500ppm H2 Standard 20mL Injection]])*GCResults[[#This Row],[Full Loop Peak Area, Sample Gas, 20mL Injection]]) | I46: =25.88*145 -> 3752.6 | K46: =(500/D46)*J46 -> #DIV/0!
A47: {=IF(ISBLANK(INDEX(SampleList[GC],ROW()-1)),"Not Requested",INDEX(SampleList[Experiment ID],ROW()-1))} -> HPHT_105 | B47: =Sampling!E47 -> 3 | C47: 46101 | D47: 121 | E47: 0 | F47: 3825 | G47: =24.5*145 -> 3552.5 | H47: =IF(ISBLANK(GCResults[[#This Row],[Full Loop Peak Area, Sample Gas, 20mL Injection]]),"",(500/GCResults[[#This Row],[Full Loop Calibration Peak Area, 500ppm H2 Standard 20mL Injection]])*GCResults[[#This Row],[Full Loop Peak Area, Sample Gas, 20mL Injection]]) -> 0 | I47: =25.88*145 -> 3752.6 | K47: =(500/D47)*J47 -> 0
A48: {=IF(ISBLANK(INDEX(SampleList[GC],ROW()-1)),"Not Requested",INDEX(SampleList[Experiment ID],ROW()-1))} -> Not Requested | B48: =Sampling!E48 -> 0 | G48: =24.5*145 -> 3552.5 | H48: =IF(ISBLANK(GCResults[[#This Row],[Full Loop Peak Area, Sample Gas, 20mL Injection]]),"",(500/GCResults[[#This Row],[Full Loop Calibration Peak Area, 500ppm H2 Standard 20mL Injection]])*GCResults[[#This Row],[Full Loop Peak Area, Sample Gas, 20mL Injection]]) | I48: =25.88*145 -> 3752.6 | K48: =(500/D48)*J48 -> #DIV/0!
A49: {=IF(ISBLANK(INDEX(SampleList[GC],ROW()-1)),"Not Requested",INDEX(SampleList[Experiment ID],ROW()-1))} -> HPHT_096 | B49: =Sampling!E49 -> 17 | D49: 125 | H49: =IF(ISBLANK(GCResults[[#This Row],[Full Loop Peak Area, Sample Gas, 20mL Injection]]),"",(500/GCResults[[#This Row],[Full Loop Calibration Peak Area, 500ppm H2 Standard 20mL Injection]])*GCResults[[#This Row],[Full Loop Peak Area, Sample Gas, 20mL Injection]]) | K49: =(500/D49)*J49 -> 0
A50: {=IF(ISBLANK(INDEX(SampleList[GC],ROW()-1)),"Not Requested",INDEX(SampleList[Experiment ID],ROW()-1))} -> HPHT_089 | B50: =Sampling!E50 -> 7 | D50: 125 | H50: =IF(ISBLANK(GCResults[[#This Row],[Full Loop Peak Area, Sample Gas, 20mL Injection]]),"",(500/GCResults[[#This Row],[Full Loop Calibration Peak Area, 500ppm H2 Standard 20mL Injection]])*GCResults[[#This Row],[Full Loop Peak Area, Sample Gas, 20mL Injection]]) | K50: =(500/D50)*J50 -> 0
A51: {=IF(ISBLANK(INDEX(SampleList[GC],ROW()-1)),"Not Requested",INDEX(SampleList[Experiment ID],ROW()-1))} -> HPHT_079 | B51: =Sampling!E51 -> 46 | D51: 125 | H51: =IF(ISBLANK(GCResults[[#This Row],[Full Loop Peak Area, Sample Gas, 20mL Injection]]),"",(500/GCResults[[#This Row],[Full Loop Calibration Peak Area, 500ppm H2 Standard 20mL Injection]])*GCResults[[#This Row],[Full Loop Peak Area, Sample Gas, 20mL Injection]]) | K51: =(500/D51)*J51 -> 0
A52: {=IF(ISBLANK(INDEX(SampleList[GC],ROW()-1)),"Not Requested",INDEX(SampleList[Experiment ID],ROW()-1))} -> HPHT_097 | B52: =Sampling!E52 -> 11 | H52: =IF(ISBLANK(GCResults[[#This Row],[Full Loop Peak Area, Sample Gas, 20mL Injection]]),"",(500/GCResults[[#This Row],[Full Loop Calibration Peak Area, 500ppm H2 Standard 20mL Injection]])*GCResults[[#This Row],[Full Loop Peak Area, Sample Gas, 20mL Injection]]) | K52: =(500/D52)*J52 -> #DIV/0!
A53: {=IF(ISBLANK(INDEX(SampleList[GC],ROW()-1)),"Not Requested",INDEX(SampleList[Experiment ID],ROW()-1))} -> Not Requested | B53: =Sampling!E53 -> 3 | G53: =24.5*145 -> 3552.5 | H53: =IF(ISBLANK(GCResults[[#This Row],[Full Loop Peak Area, Sample Gas, 20mL Injection]]),"",(500/GCResults[[#This Row],[Full Loop Calibration Peak Area, 500ppm H2 Standard 20mL Injection]])*GCResults[[#This Row],[Full Loop Peak Area, Sample Gas, 20mL Injection]]) | I53: =25.88*145 -> 3752.6 | K53: =(500/D53)*J53 -> #DIV/0!
A54: {=IF(ISBLANK(INDEX(SampleList[GC],ROW()-1)),"Not Requested",INDEX(SampleList[Experiment ID],ROW()-1))} -> Not Requested | B54: =Sampling!E54 -> 3 | G54: =24.5*145 -> 3552.5 | H54: =IF(ISBLANK(GCResults[[#This Row],[Full Loop Peak Area, Sample Gas, 20mL Injection]]),"",(500/GCResults[[#This Row],[Full Loop Calibration Peak Area, 500ppm H2 Standard 20mL Injection]])*GCResults[[#This Row],[Full Loop Peak Area, Sample Gas, 20mL Injection]]) | I54: =25.88*145 -> 3752.6 | K54: =(500/D54)*J54 -> #DIV/0!
A55: {=IF(ISBLANK(INDEX(SampleList[GC],ROW()-1)),"Not Requested",INDEX(SampleList[Experiment ID],ROW()-1))} -> HPHT_107 | B55: =Sampling!E55 -> 3 | H55: =IF(ISBLANK(GCResults[[#This Row],[Full Loop Peak Area, Sample Gas, 20mL Injection]]),"",(500/GCResults[[#This Row],[Full Loop Calibration Peak Area, 500ppm H2 Standard 20mL Injection]])*GCResults[[#This Row],[Full Loop Peak Area, Sample Gas, 20mL Injection]]) | K55: =(500/D55)*J55 -> #DIV/0!
A56: {=IF(ISBLANK(INDEX(SampleList[GC],ROW()-1)),"Not Requested",INDEX(SampleList[Experiment ID],ROW()-1))} -> Not Requested | B56: =Sampling!E56 -> 0 | G56: =24.5*145 -> 3552.5 | H56: =IF(ISBLANK(GCResults[[#This Row],[Full Loop Peak Area, Sample Gas, 20mL Injection]]),"",(500/GCResults[[#This Row],[Full Loop Calibration Peak Area, 500ppm H2 Standard 20mL Injection]])*GCResults[[#This Row],[Full Loop Peak Area, Sample Gas, 20mL Injection]]) | I56: =25.88*145 -> 3752.6 | K56: =(500/D56)*J56 -> #DIV/0!
A57: {=IF(ISBLANK(INDEX(SampleList[GC],ROW()-1)),"Not Requested",INDEX(SampleList[Experiment ID],ROW()-1))} -> Not Requested | B57: =Sampling!E57 -> 0 | G57: =24.5*145 -> 3552.5 | H57: =IF(ISBLANK(GCResults[[#This Row],[Full Loop Peak Area, Sample Gas, 20mL Injection]]),"",(500/GCResults[[#This Row],[Full Loop Calibration Peak Area, 500ppm H2 Standard 20mL Injection]])*GCResults[[#This Row],[Full Loop Peak Area, Sample Gas, 20mL Injection]]) | I57: =25.88*145 -> 3752.6 | K57: =(500/D57)*J57 -> #DIV/0!
A58: {=IF(ISBLANK(INDEX(SampleList[GC],ROW()-1)),"Not Requested",INDEX(SampleList[Experiment ID],ROW()-1))} -> Not Requested | B58: =Sampling!E58 -> 0 | G58: =24.5*145 -> 3552.5 | H58: =IF(ISBLANK(GCResults[[#This Row],[Full Loop Peak Area, Sample Gas, 20mL Injection]]),"",(500/GCResults[[#This Row],[Full Loop Calibration Peak Area, 500ppm H2 Standard 20mL Injection]])*GCResults[[#This Row],[Full Loop Peak Area, Sample Gas, 20mL Injection]]) | I58: =25.88*145 -> 3752.6 | K58: =(500/D58)*J58 -> #DIV/0!
A59: {=IF(ISBLANK(INDEX(SampleList[GC],ROW()-1)),"Not Requested",INDEX(SampleList[Experiment ID],ROW()-1))} -> Not Requested | B59: =Sampling!E59 -> 0 | G59: =24.5*145 -> 3552.5 | H59: =IF(ISBLANK(GCResults[[#This Row],[Full Loop Peak Area, Sample Gas, 20mL Injection]]),"",(500/GCResults[[#This Row],[Full Loop Calibration Peak Area, 500ppm H2 Standard 20mL Injection]])*GCResults[[#This Row],[Full Loop Peak Area, Sample Gas, 20mL Injection]]) | I59: =25.88*145 -> 3752.6 | K59: =(500/D59)*J59 -> #DIV/0!
A60: {=IF(ISBLANK(INDEX(SampleList[GC],ROW()-1)),"Not Requested",INDEX(SampleList[Experiment ID],ROW()-1))} -> Not Requested | B60: =Sampling!E60 -> 0 | G60: =24.5*145 -> 3552.5 | H60: =IF(ISBLANK(GCResults[[#This Row],[Full Loop Peak Area, Sample Gas, 20mL Injection]]),"",(500/GCResults[[#This Row],[Full Loop Calibration Peak Area, 500ppm H2 Standard 20mL Injection]])*GCResults[[#This Row],[Full Loop Peak Area, Sample Gas, 20mL Injection]]) | I60: =25.88*145 -> 3752.6 | K60: =(500/D60)*J60 -> #DIV/0!
A61: {=IF(ISBLANK(INDEX(SampleList[GC],ROW()-1)),"Not Requested",INDEX(SampleList[Experiment ID],ROW()-1))} -> Not Requested | B61: =Sampling!E61 -> 0 | G61: =24.5*145 -> 3552.5 | H61: =IF(ISBLANK(GCResults[[#This Row],[Full Loop Peak Area, Sample Gas, 20mL Injection]]),"",(500/GCResults[[#This Row],[Full Loop Calibration Peak Area, 500ppm H2 Standard 20mL Injection]])*GCResults[[#This Row],[Full Loop Peak Area, Sample Gas, 20mL Injection]]) | I61: =25.88*145 -> 3752.6 | K61: =(500/D61)*J61 -> #DIV/0!
A62: {=IF(ISBLANK(INDEX(SampleList[GC],ROW()-1)),"Not Requested",INDEX(SampleList[Experiment ID],ROW()-1))} -> Not Requested | B62: =Sampling!E62 -> 0 | G62: =24.5*145 -> 3552.5 | H62: =IF(ISBLANK(GCResults[[#This Row],[Full Loop Peak Area, Sample Gas, 20mL Injection]]),"",(500/GCResults[[#This Row],[Full Loop Calibration Peak Area, 500ppm H2 Standard 20mL Injection]])*GCResults[[#This Row],[Full Loop Peak Area, Sample Gas, 20mL Injection]]) | I62: =25.88*145 -> 3752.6 | K62: =(500/D62)*J62 -> #DIV/0!
A63: {=IF(ISBLANK(INDEX(SampleList[GC],ROW()-1)),"Not Requested",INDEX(SampleList[Experiment ID],ROW()-1))} -> Not Requested | B63: =Sampling!E63 -> 0 | G63: =24.5*145 -> 3552.5 | H63: =IF(ISBLANK(GCResults[[#This Row],[Full Loop Peak Area, Sample Gas, 20mL Injection]]),"",(500/GCResults[[#This Row],[Full Loop Calibration Peak Area, 500ppm H2 Standard 20mL Injection]])*GCResults[[#This Row],[Full Loop Peak Area, Sample Gas, 20mL Injection]]) | I63: =25.88*145 -> 3752.6 | K63: =(500/D63)*J63 -> #DIV/0!
A64: {=IF(ISBLANK(INDEX(SampleList[GC],ROW()-1)),"Not Requested",INDEX(SampleList[Experiment ID],ROW()-1))} -> Not Requested | B64: =Sampling!E64 -> 0 | G64: =24.5*145 -> 3552.5 | H64: =IF(ISBLANK(GCResults[[#This Row],[Full Loop Peak Area, Sample Gas, 20mL Injection]]),"",(500/GCResults[[#This Row],[Full Loop Calibration Peak Area, 500ppm H2 Standard 20mL Injection]])*GCResults[[#This Row],[Full Loop Peak Area, Sample Gas, 20mL Injection]]) | I64: =25.88*145 -> 3752.6 | K64: =(500/D64)*J64 -> #DIV/0!
A65: {=IF(ISBLANK(INDEX(SampleList[GC],ROW()-1)),"Not Requested",INDEX(SampleList[Experiment ID],ROW()-1))} -> Not Requested | B65: =Sampling!E65 -> 0 | G65: =24.5*145 -> 3552.5 | H65: =IF(ISBLANK(GCResults[[#This Row],[Full Loop Peak Area, Sample Gas, 20mL Injection]]),"",(500/GCResults[[#This Row],[Full Loop Calibration Peak Area, 500ppm H2 Standard 20mL Injection]])*GCResults[[#This Row],[Full Loop Peak Area, Sample Gas, 20mL Injection]]) | I65: =25.88*145 -> 3752.6 | K65: =(500/D65)*J65 -> #DIV/0!
A66: {=IF(ISBLANK(INDEX(SampleList[GC],ROW()-1)),"Not Requested",INDEX(SampleList[Experiment ID],ROW()-1))} -> Not Requested | B66: =Sampling!E66 -> 0 | G66: =24.5*145 -> 3552.5 | H66: =IF(ISBLANK(GCResults[[#This Row],[Full Loop Peak Area, Sample Gas, 20mL Injection]]),"",(500/GCResults[[#This Row],[Full Loop Calibration Peak Area, 500ppm H2 Standard 20mL Injection]])*GCResults[[#This Row],[Full Loop Peak Area, Sample Gas, 20mL Injection]]) | I66: =25.88*145 -> 3752.6 | K66: =(500/D66)*J66 -> #DIV/0!
A67: {=IF(ISBLANK(INDEX(SampleList[GC],ROW()-1)),"Not Requested",INDEX(SampleList[Experiment ID],ROW()-1))} -> Not Requested | B67: =Sampling!E67 -> 0 | G67: =24.5*145 -> 3552.5 | H67: =IF(ISBLANK(GCResults[[#This Row],[Full Loop Peak Area, Sample Gas, 20mL Injection]]),"",(500/GCResults[[#This Row],[Full Loop Calibration Peak Area, 500ppm H2 Standard 20mL Injection]])*GCResults[[#This Row],[Full Loop Peak Area, Sample Gas, 20mL Injection]]) | I67: =25.88*145 -> 3752.6 | K67: =(500/D67)*J67 -> #DIV/0!
... A192: {=IF(ISBLANK(INDEX(SampleList[GC],ROW()-1)),"Not Requested",INDEX(SampleList[Experiment ID],ROW()-1))} -> Not Requested | B192: =Sampling!E192 -> 0 | G192: =24.5*145 -> 3552.5 | H192: =IF(ISBLANK(GCResults[[#This Row],[Full Loop Peak Area, Sample Gas, 20mL Injection]]),"",(500/GCResults[[#This Row],[Full Loop Calibration Peak Area, 500ppm H2 Standard 20mL Injection]])*GCResults[[#This Row],[Full Loop Peak Area, Sample Gas, 20mL Injection]]) | I192: =25.88*145 -> 3752.6 | K192: =(500/D192)*J192 -> #DIV/0!
A193: {=IF(ISBLANK(INDEX(SampleList[GC],ROW()-1)),"Not Requested",INDEX(SampleList[Experiment ID],ROW()-1))} -> Not Requested | B193: =Sampling!E191 -> 0 | G193: =24.5*145 -> 3552.5 | H193: =IF(ISBLANK(GCResults[[#This Row],[Full Loop Peak Area, Sample Gas, 20mL Injection]]),"",(500/GCResults[[#This Row],[Full Loop Calibration Peak Area, 500ppm H2 Standard 20mL Injection]])*GCResults[[#This Row],[Full Loop Peak Area, Sample Gas, 20mL Injection]]) | I193: =25.88*145 -> 3752.6 | K193: =(500/D193)*J193 -> #DIV/0!
A194: {=IF(ISBLANK(INDEX(SampleList[GC],ROW()-1)),"Not Requested",INDEX(SampleList[Experiment ID],ROW()-1))} -> Not Requested | B194: =Sampling!E192 -> 0 | G194: =24.5*145 -> 3552.5 | H194: =IF(ISBLANK(GCResults[[#This Row],[Full Loop Peak Area, Sample Gas, 20mL Injection]]),"",(500/GCResults[[#This Row],[Full Loop Calibration Peak Area, 500ppm H2 Standard 20mL Injection]])*GCResults[[#This Row],[Full Loop Peak Area, Sample Gas, 20mL Injection]]) | I194: =25.88*145 -> 3752.6 | K194: =(500/D194)*J194 -> #DIV/0!
A195: {=IF(ISBLANK(INDEX(SampleList[GC],ROW()-1)),"Not Requested",INDEX(SampleList[Experiment ID],ROW()-1))} -> Not Requested | B195: =Sampling!E193 -> 0 | G195: =24.5*145 -> 3552.5 | H195: =IF(ISBLANK(GCResults[[#This Row],[Full Loop Peak Area, Sample Gas, 20mL Injection]]),"",(500/GCResults[[#This Row],[Full Loop Calibration Peak Area, 500ppm H2 Standard 20mL Injection]])*GCResults[[#This Row],[Full Loop Peak Area, Sample Gas, 20mL Injection]]) | I195: =25.88*145 -> 3752.6 | K195: =(500/D195)*J195 -> #DIV/0!
A196: {=IF(ISBLANK(INDEX(SampleList[GC],ROW()-1)),"Not Requested",INDEX(SampleList[Experiment ID],ROW()-1))} -> Not Requested | B196: =Sampling!E194 -> 0 | G196: =24.5*145 -> 3552.5 | H196: =IF(ISBLANK(GCResults[[#This Row],[Full Loop Peak Area, Sample Gas, 20mL Injection]]),"",(500/GCResults[[#This Row],[Full Loop Calibration Peak Area, 500ppm H2 Standard 20mL Injection]])*GCResults[[#This Row],[Full Loop Peak Area, Sample Gas, 20mL Injection]]) | I196: =25.88*145 -> 3752.6 | K196: =(500/D196)*J196 -> #DIV/0!
A197: {=IF(ISBLANK(INDEX(SampleList[GC],ROW()-1)),"Not Requested",INDEX(SampleList[Experiment ID],ROW()-1))} -> Not Requested | B197: =Sampling!E195 -> 0 | G197: =24.5*145 -> 3552.5 | H197: =IF(ISBLANK(GCResults[[#This Row],[Full Loop Peak Area, Sample Gas, 20mL Injection]]),"",(500/GCResults[[#This Row],[Full Loop Calibration Peak Area, 500ppm H2 Standard 20mL Injection]])*GCResults[[#This Row],[Full Loop Peak Area, Sample Gas, 20mL Injection]]) | I197: =25.88*145 -> 3752.6 | K197: =(500/D197)*J197 -> #DIV/0!
A198: {=IF(ISBLANK(INDEX(SampleList[GC],ROW()-1)),"Not Requested",INDEX(SampleList[Experiment ID],ROW()-1))} -> Not Requested | B198: =Sampling!E196 -> 0 | G198: =24.5*145 -> 3552.5 | H198: =IF(ISBLANK(GCResults[[#This Row],[Full Loop Peak Area, Sample Gas, 20mL Injection]]),"",(500/GCResults[[#This Row],[Full Loop Calibration Peak Area, 500ppm H2 Standard 20mL Injection]])*GCResults[[#This Row],[Full Loop Peak Area, Sample Gas, 20mL Injection]]) | I198: =25.88*145 -> 3752.6 | K198: =(500/D198)*J198 -> #DIV/0!
A199: {=IF(ISBLANK(INDEX(SampleList[GC],ROW()-1)),"Not Requested",INDEX(SampleList[Experiment ID],ROW()-1))} -> Not Requested | B199: =Sampling!E197 -> 0 | G199: =24.5*145 -> 3552.5 | H199: =IF(ISBLANK(GCResults[[#This Row],[Full Loop Peak Area, Sample Gas, 20mL Injection]]),"",(500/GCResults[[#This Row],[Full Loop Calibration Peak Area, 500ppm H2 Standard 20mL Injection]])*GCResults[[#This Row],[Full Loop Peak Area, Sample Gas, 20mL Injection]]) | I199: =25.88*145 -> 3752.6 | K199: =(500/D199)*J199 -> #DIV/0!
A200: {=IF(ISBLANK(INDEX(SampleList[GC],ROW()-1)),"Not Requested",INDEX(SampleList[Experiment ID],ROW()-1))} -> Not Requested | B200: =Sampling!E198 -> 0 | G200: =24.5*145 -> 3552.5 | H200: =IF(ISBLANK(GCResults[[#This Row],[Full Loop Peak Area, Sample Gas, 20mL Injection]]),"",(500/GCResults[[#This Row],[Full Loop Calibration Peak Area, 500ppm H2 Standard 20mL Injection]])*GCResults[[#This Row],[Full Loop Peak Area, Sample Gas, 20mL Injection]]) | I200: =25.88*145 -> 3752.6 | K200: =(500/D200)*J200 -> #DIV/0!
A201: {=IF(ISBLANK(INDEX(SampleList[GC],ROW()-1)),"Not Requested",INDEX(SampleList[Experiment ID],ROW()-1))} -> Not Requested | B201: =Sampling!E199 -> 0 | G201: =24.5*145 -> 3552.5 | H201: =IF(ISBLANK(GCResults[[#This Row],[Full Loop Peak Area, Sample Gas, 20mL Injection]]),"",(500/GCResults[[#This Row],[Full Loop Calibration Peak Area, 500ppm H2 Standard 20mL Injection]])*GCResults[[#This Row],[Full Loop Peak Area, Sample Gas, 20mL Injection]]) | I201: =25.88*145 -> 3752.6 | K201: =(500/D201)*J201 -> #DIV/0!
A202: {=IF(ISBLANK(INDEX(SampleList[GC],ROW()-1)),"Not Requested",INDEX(SampleList[Experiment ID],ROW()-1))} -> Not Requested | B202: =Sampling!E200 -> 0 | G202: =24.5*145 -> 3552.5 | H202: =IF(ISBLANK(GCResults[[#This Row],[Full Loop Peak Area, Sample Gas, 20mL Injection]]),"",(500/GCResults[[#This Row],[Full Loop Calibration Peak Area, 500ppm H2 Standard 20mL Injection]])*GCResults[[#This Row],[Full Loop Peak Area, Sample Gas, 20mL Injection]]) | I202: =25.88*145 -> 3752.6 | K202: =(500/D202)*J202 -> #DIV/0!
A203: {=IF(ISBLANK(INDEX(SampleList[GC],ROW()-1)),"Not Requested",INDEX(SampleList[Experiment ID],ROW()-1))} -> Not Requested | B203: =Sampling!E201 -> 0 | G203: =24.5*145 -> 3552.5 | H203: =IF(ISBLANK(GCResults[[#This Row],[Full Loop Peak Area, Sample Gas, 20mL Injection]]),"",(500/GCResults[[#This Row],[Full Loop Calibration Peak Area, 500ppm H2 Standard 20mL Injection]])*GCResults[[#This Row],[Full Loop Peak Area, Sample Gas, 20mL Injection]]) | I203: =25.88*145 -> 3752.6 | K203: =(500/D203)*J203 -> #DIV/0!
A204: {=IF(ISBLANK(INDEX(SampleList[GC],ROW()-1)),"Not Requested",INDEX(SampleList[Experiment ID],ROW()-1))} -> Not Requested | B204: =Sampling!E202 -> 0 | G204: =24.5*145 -> 3552.5 | H204: =IF(ISBLANK(GCResults[[#This Row],[Full Loop Peak Area, Sample Gas, 20mL Injection]]),"",(500/GCResults[[#This Row],[Full Loop Calibration Peak Area, 500ppm H2 Standard 20mL Injection]])*GCResults[[#This Row],[Full Loop Peak Area, Sample Gas, 20mL Injection]]) | I204: =25.88*145 -> 3752.6 | K204: =(500/D204)*J204 -> #DIV/0!
... A998: {=IF(ISBLANK(INDEX(SampleList[GC],ROW()-1)),"Not Requested",INDEX(SampleList[Experiment ID],ROW()-1))} -> Not Requested | B998: =Sampling!E996 -> 0 | G998: =24.5*145 -> 3552.5 | H998: =IF(ISBLANK(GCResults[[#This Row],[Full Loop Peak Area, Sample Gas, 20mL Injection]]),"",(500/GCResults[[#This Row],[Full Loop Calibration Peak Area, 500ppm H2 Standard 20mL Injection]])*GCResults[[#This Row],[Full Loop Peak Area, Sample Gas, 20mL Injection]]) | I998: =25.88*145 -> 3752.6 | K998: =(500/D998)*J998 -> #DIV/0!
A999: {=IF(ISBLANK(INDEX(SampleList[GC],ROW()-1)),"Not Requested",INDEX(SampleList[Experiment ID],ROW()-1))} -> #REF! | B999: =SampleList[[#This Row],[Duration (Days)]] -> #VALUE! | H999: =IF(ISBLANK(GCResults[[#This Row],[Full Loop Peak Area, Sample Gas, 20mL Injection]]),"",(500/GCResults[[#This Row],[Full Loop Calibration Peak Area, 500ppm H2 Standard 20mL Injection]])*GCResults[[#This Row],[Full Loop Peak Area, Sample Gas, 20mL Injection]]) | K999: =(500/D999)*J999 -> #DIV/0!
A1000: {=IF(ISBLANK(INDEX(SampleList[GC],ROW()-1)),"Not Requested",INDEX(SampleList[Experiment ID],ROW()-1))} -> #REF! | B1000: =SampleList[[#This Row],[Duration (Days)]] -> #VALUE! | H1000: =IF(ISBLANK(GCResults[[#This Row],[Full Loop Peak Area, Sample Gas, 20mL Injection]]),"",(500/GCResults[[#This Row],[Full Loop Calibration Peak Area, 500ppm H2 Standard 20mL Injection]])*GCResults[[#This Row],[Full Loop Peak Area, Sample Gas, 20mL Injection]]) | K1000: =(500/D1000)*J1000 -> #DIV/0!

Sheet ICP List
A1: Experiment ID | B1: Duration (Days) | C1: Date Run | D1: Dilution | E1: ICP Name Input | F1: NMR Tube # | G1: NMR Tube Date | H1: Column1
A2: {=IF(ISBLANK(INDEX(SampleList[ICP],ROW()-1)),"Not Requested",INDEX(SampleList[Experiment ID],ROW()-1))} -> HPHT_097 | B2: =SampleList[[#This Row],[Duration (Days)]] -> 1 | C2: 46098 | D2: 20 | E2: =ICPList[[#This Row],[Experiment ID]]&"_Day"&ICPList[[#This Row],[Duration (Days)]]&"_"&ICPList[[#This Row],[Dilution]]&"x" -> HPHT_097_Day1_20x | F2: =NMRResults[[#This Row],['#]] -> 0
A3: {=IF(ISBLANK(INDEX(SampleList[ICP],ROW()-1)),"Not Requested",INDEX(SampleList[Experiment ID],ROW()-1))} -> HPHT_070 | B3: =SampleList[[#This Row],[Duration (Days)]] -> 60 | C3: 46098 | D3: 20 | E3: =ICPList[[#This Row],[Experiment ID]]&"_Day"&ICPList[[#This Row],[Duration (Days)]]&"_"&ICPList[[#This Row],[Dilution]]&"x" -> HPHT_070_Day60_20x | F3: =NMRResults[[#This Row],['#]] -> 0
A4: {=IF(ISBLANK(INDEX(SampleList[ICP],ROW()-1)),"Not Requested",INDEX(SampleList[Experiment ID],ROW()-1))} -> HPHT_089 | B4: =SampleList[[#This Row],[Duration (Days)]] -> 0 | C4: 46098 | D4: 20 | E4: =ICPList[[#This Row],[Experiment ID]]&"_Day"&ICPList[[#This Row],[Duration (Days)]]&"_"&ICPList[[#This Row],[Dilution]]&"x" -> HPHT_089_Day0_20x | F4: =NMRResults[[#This Row],['#]] -> 0
A5: {=IF(ISBLANK(INDEX(SampleList[ICP],ROW()-1)),"Not Requested",INDEX(SampleList[Experiment ID],ROW()-1))} -> Not Requested | B5: =Sampling!E5 -> 0 | E5: =ICPList[[#This Row],[Experiment ID]]&"_Day"&ICPList[[#This Row],[Duration (Days)]]&"_"&ICPList[[#This Row],[Dilution]]&"x" -> Not Requested_Day0_x | F5: =NMRResults[[#This Row],['#]] -> 0 | G5: =NMRResults[[#This Row],[Date Run]] -> 46097
A6: {=IF(ISBLANK(INDEX(SampleList[ICP],ROW()-1)),"Not Requested",INDEX(SampleList[Experiment ID],ROW()-1))} -> Not Requested | B6: =Sampling!E6 -> 3 | E6: =ICPList[[#This Row],[Experiment ID]]&"_Day"&ICPList[[#This Row],[Duration (Days)]]&"_"&ICPList[[#This Row],[Dilution]]&"x" -> Not Requested_Day3_x | F6: =NMRResults[[#This Row],['#]] -> 0 | G6: =NMRResults[[#This Row],[Date Run]] -> 46097
A7: {=IF(ISBLANK(INDEX(SampleList[ICP],ROW()-1)),"Not Requested",INDEX(SampleList[Experiment ID],ROW()-1))} -> Not Requested | B7: =Sampling!E7 -> 0 | E7: =ICPList[[#This Row],[Experiment ID]]&"_Day"&ICPList[[#This Row],[Duration (Days)]]&"_"&ICPList[[#This Row],[Dilution]]&"x" -> Not Requested_Day0_x | F7: =NMRResults[[#This Row],['#]] -> 0 | G7: =NMRResults[[#This Row],[Date Run]] -> 46097
A8: {=IF(ISBLANK(INDEX(SampleList[ICP],ROW()-1)),"Not Requested",INDEX(SampleList[Experiment ID],ROW()-1))} -> HPHT_101 | B8: =SampleList[[#This Row],[Duration (Days)]] -> 3 | C8: 46098 | D8: 20 | E8: =ICPList[[#This Row],[Experiment ID]]&"_Day"&ICPList[[#This Row],[Duration (Days)]]&"_"&ICPList[[#This Row],[Dilution]]&"x" -> HPHT_101_Day3_20x | F8: =NMRResults[[#This Row],['#]] -> 0
A9: {=IF(ISBLANK(INDEX(SampleList[ICP],ROW()-1)),"Not Requested",INDEX(SampleList[Experiment ID],ROW()-1))} -> HPHT_102 | B9: =SampleList[[#This Row],[Duration (Days)]] -> 3 | C9: 46098 | D9: 20 | E9: =ICPList[[#This Row],[Experiment ID]]&"_Day"&ICPList[[#This Row],[Duration (Days)]]&"_"&ICPList[[#This Row],[Dilution]]&"x" -> HPHT_102_Day3_20x | F9: =NMRResults[[#This Row],['#]] -> 0
